date,hour,sales_yuan,orders,users
2026-04-16,0,4604.49,22,7
2026-04-16,1,9963.9,37,3
2026-04-16,2,13588.22,58,15
2026-04-16,3,16232.98,67,23
2026-04-16,4,19882.01,91,29
2026-04-16,5,17373.57,87,10
2026-04-16,6,27902.39,124,63
2026-04-16,7,35864.05,123,49
2026-04-16,8,37327.39,177,65
2026-04-16,9,39106.88,182,71
2026-04-16,10,43340.76,208,72
2026-04-16,11,63895.67,278,114
2026-04-16,12,38937.7,183,70
2026-04-16,13,38293.68,183,74
2026-04-16,14,38850.05,192,64
2026-04-16,15,44446.3,220,102
2026-04-16,16,49778.19,226,79
2026-04-16,17,51044.47,221,75
2026-04-16,18,31372.35,137,54
2026-04-16,19,31677.36,145,46
2026-04-16,20,38512.15,183,74
2026-04-16,21,29491.78,150,64
2026-04-16,22,32349.2,134,44
2026-04-16,23,11254.6,57,3
2026-04-17,0,7416.98,35,15
2026-04-17,1,12577.31,55,4
2026-04-17,2,9006.97,39,8
2026-04-17,3,14007.05,56,17
2026-04-17,4,14725.82,71,35
2026-04-17,5,17876.14,99,52
2026-04-17,6,20560.46,91,40
2026-04-17,7,27807.82,120,39
2026-04-17,8,37143.97,158,71
2026-04-17,9,46692.55,212,76
2026-04-17,10,49412.41,223,88
2026-04-17,11,63587.58,257,118
2026-04-17,12,34606.8,156,71
2026-04-17,13,25035.94,130,39
2026-04-17,14,50070.46,190,72
2026-04-17,15,52030.09,211,77
2026-04-17,16,45402.2,185,72
2026-04-17,17,49011.38,207,90
2026-04-17,18,39384.18,143,60
2026-04-17,19,33563.54,152,60
2026-04-17,20,33847.65,159,68
2026-04-17,21,35936.94,150,52
2026-04-17,22,28793.76,131,60
2026-04-17,23,14151.3,64,14
2026-04-18,0,7192.93,34,20
2026-04-18,1,12389.97,52,33
2026-04-18,2,15793.23,77,21
2026-04-18,3,7535.71,31,26
2026-04-18,4,13901.84,67,28
2026-04-18,5,26469.42,114,44
2026-04-18,6,22978.81,98,42
2026-04-18,7,22749.44,85,37
2026-04-18,8,34504.78,157,75
2026-04-18,9,37209.43,161,59
2026-04-18,10,54984.7,211,63
2026-04-18,11,44468.68,212,76
2026-04-18,12,25924.23,112,50
2026-04-18,13,26124.26,117,31
2026-04-18,14,38187.99,191,69
2026-04-18,15,30282.71,172,62
2026-04-18,16,44882.04,184,67
2026-04-18,17,50090.76,223,96
2026-04-18,18,25430.28,110,67
2026-04-18,19,29713.14,127,48
2026-04-18,20,31545.05,144,48
2026-04-18,21,27183.63,126,42
2026-04-18,22,28348.7,109,38
2026-04-18,23,4588.59,18,17
2026-04-19,0,222.57,1,3
2026-04-19,1,3532.4,17,3
2026-04-19,2,19157.33,75,37
2026-04-19,3,15146.16,69,14
2026-04-19,4,18319.5,75,16
2026-04-19,5,18072.22,74,24
2026-04-19,6,23799.54,94,32
2026-04-19,7,19590.82,81,36
2026-04-19,8,27057.06,132,53
2026-04-19,9,41494.11,189,69
2026-04-19,10,42586.29,211,73
2026-04-19,11,39038.76,191,78
2026-04-19,12,43020.45,163,41
2026-04-19,13,30674.23,140,52
2026-04-19,14,43355.36,172,64
2026-04-19,15,39422.81,177,68
2026-04-19,16,36026.58,184,72
2026-04-19,17,40848.03,175,73
2026-04-19,18,29382.0,124,47
2026-04-19,19,27602.19,118,37
2026-04-19,20,25669.23,131,53
2026-04-19,21,33387.12,142,58
2026-04-19,22,30535.06,122,63
2026-04-19,23,6742.61,31,3
2026-04-20,0,7326.49,34,18
2026-04-20,1,10452.94,48,10
2026-04-20,2,7306.79,36,4
2026-04-20,3,11394.65,54,31
2026-04-20,4,27809.91,119,50
2026-04-20,5,17260.49,79,37
2026-04-20,6,23948.27,105,65
2026-04-20,7,30267.63,132,43
2026-04-20,8,49788.56,187,64
2026-04-20,9,52654.65,217,76
2026-04-20,10,48457.3,244,98
2026-04-20,11,55299.74,242,89
2026-04-20,12,34559.83,170,66
2026-04-20,13,40038.5,166,69
2026-04-20,14,50467.74,211,88
2026-04-20,15,48911.43,205,61
2026-04-20,16,45186.77,221,86
2026-04-20,17,48821.5,213,91
2026-04-20,18,36664.62,159,60
2026-04-20,19,37803.35,163,56
2026-04-20,20,36929.73,165,58
2026-04-20,21,38777.5,152,52
2026-04-20,22,24996.21,113,41
2026-04-20,23,22557.32,90,36
2026-04-21,0,2973.51,12,7
2026-04-21,1,10323.75,47,28
2026-04-21,2,17373.97,78,52
2026-04-21,3,16218.67,62,38
2026-04-21,4,16154.23,72,23
2026-04-21,5,14904.12,71,17
2026-04-21,6,21356.27,91,34
2026-04-21,7,34456.73,138,42
2026-04-21,8,38228.93,157,59
2026-04-21,9,44332.52,190,76
2026-04-21,10,66148.12,237,92
2026-04-21,11,52861.54,243,87
2026-04-21,12,38574.61,152,51
2026-04-21,13,38830.23,182,63
2026-04-21,14,49017.04,202,71
2026-04-21,15,54799.52,210,64
2026-04-21,16,54450.26,245,86
2026-04-21,17,56901.99,234,92
2026-04-21,18,38312.1,179,66
2026-04-21,19,29355.19,128,41
2026-04-21,20,46660.68,199,70
2026-04-21,21,41800.26,149,68
2026-04-21,22,29604.22,118,39
2026-04-21,23,19092.61,79,48
2026-04-22,0,7313.05,29,16
2026-04-22,1,14577.34,58,27
2026-04-22,2,18223.06,75,42
2026-04-22,3,16772.59,66,26
2026-04-22,4,15105.06,68,29
2026-04-22,5,21511.62,92,47
2026-04-22,6,25472.21,104,25
2026-04-22,7,27756.71,124,68
2026-04-22,8,42894.05,164,64
2026-04-22,9,49642.38,205,80
2026-04-22,10,54260.58,232,83
2026-04-22,11,62585.38,269,91
2026-04-22,12,29930.44,150,68
2026-04-22,13,39719.19,152,61
2026-04-22,14,51918.89,194,68
2026-04-22,15,44178.05,185,48
2026-04-22,16,51275.1,210,69
2026-04-22,17,47623.78,233,82
2026-04-22,18,36938.67,162,68
2026-04-22,19,35309.64,177,56
2026-04-22,20,38048.42,162,61
2026-04-22,21,29720.54,145,58
2026-04-22,22,37347.2,148,55
2026-04-22,23,17863.26,74,32
2026-04-23,0,10519.91,41,22
2026-04-23,1,10953.85,48,25
2026-04-23,2,21015.49,79,23
2026-04-23,3,15814.22,68,11
2026-04-23,4,15186.33,70,35
2026-04-23,5,18781.08,85,13
2026-04-23,6,16428.96,67,9
2026-04-23,7,26543.22,126,52
2026-04-23,8,33093.23,160,60
2026-04-23,9,51657.98,229,95
2026-04-23,10,43508.02,230,89
2026-04-23,11,52281.93,249,87
2026-04-23,12,37879.43,156,77
2026-04-23,13,39214.04,152,63
2026-04-23,14,45365.8,209,80
2026-04-23,15,53795.14,217,86
2026-04-23,16,49999.33,228,97
2026-04-23,17,67604.8,249,96
2026-04-23,18,32520.19,139,70
2026-04-23,19,31079.43,139,47
2026-04-23,20,38897.63,178,72
2026-04-23,21,39418.08,149,78
2026-04-23,22,30909.28,133,50
2026-04-23,23,17538.49,78,19
2026-04-24,0,2186.5,9,7
2026-04-24,1,7808.42,38,30
2026-04-24,2,8782.97,35,15
2026-04-24,3,23647.92,94,31
2026-04-24,4,19566.18,79,28
2026-04-24,5,26212.61,101,22
2026-04-24,6,29501.59,124,40
2026-04-24,7,26717.26,122,48
2026-04-24,8,38018.19,150,56
2026-04-24,9,52768.3,215,77
2026-04-24,10,36503.47,187,82
2026-04-24,11,50414.27,247,82
2026-04-24,12,42173.55,178,62
2026-04-24,13,37045.83,160,65
2026-04-24,14,38741.98,176,76
2026-04-24,15,47582.78,183,65
2026-04-24,16,51516.43,231,84
2026-04-24,17,53468.71,225,106
2026-04-24,18,36390.25,155,69
2026-04-24,19,33142.36,145,53
2026-04-24,20,39507.65,171,72
2026-04-24,21,37051.63,160,59
2026-04-24,22,22745.26,96,45
2026-04-24,23,22556.7,83,3
2026-04-25,0,5648.45,27,21
2026-04-25,1,10441.18,48,7
2026-04-25,2,18044.85,77,27
2026-04-25,3,16543.59,71,31
2026-04-25,4,16705.88,73,51
2026-04-25,5,20420.95,81,41
2026-04-25,6,21749.69,105,46
2026-04-25,7,28798.43,122,34
2026-04-25,8,29571.91,125,46
2026-04-25,9,47209.36,180,72
2026-04-25,10,50354.91,202,74
2026-04-25,11,56131.94,232,75
2026-04-25,12,37854.58,147,52
2026-04-25,13,30356.17,134,52
2026-04-25,14,33399.03,166,52
2026-04-25,15,41824.26,199,67
2026-04-25,16,31141.35,153,51
2026-04-25,17,47572.14,220,93
2026-04-25,18,35760.54,160,70
2026-04-25,19,17996.56,89,56
2026-04-25,20,33734.2,121,56
2026-04-25,21,35558.58,147,61
2026-04-25,22,28274.86,120,53
2026-04-25,23,12895.24,60,22
2026-04-26,0,5700.83,25,3
2026-04-26,1,5606.35,24,3
2026-04-26,2,13702.71,69,35
2026-04-26,3,9045.06,43,25
2026-04-26,4,13691.15,65,30
2026-04-26,5,17219.84,79,16
2026-04-26,6,21970.47,92,19
2026-04-26,7,22744.39,97,42
2026-04-26,8,34761.67,157,60
2026-04-26,9,40882.96,177,72
2026-04-26,10,42481.43,196,67
2026-04-26,11,39793.81,194,91
2026-04-26,12,31235.21,126,40
2026-04-26,13,28581.98,132,62
2026-04-26,14,46393.51,170,56
2026-04-26,15,38342.73,158,63
2026-04-26,16,43434.08,191,70
2026-04-26,17,48858.41,196,73
2026-04-26,18,32416.63,160,55
2026-04-26,19,26740.81,125,73
2026-04-26,20,37436.73,171,81
2026-04-26,21,30026.36,135,67
2026-04-26,22,21809.31,104,33
2026-04-26,23,11072.72,48,6
2026-04-27,0,4375.41,22,10
2026-04-27,1,9506.26,50,27
2026-04-27,2,12965.85,63,36
2026-04-27,3,20294.58,94,39
2026-04-27,4,18290.09,79,35
2026-04-27,5,23338.72,100,28
2026-04-27,6,17377.59,82,30
2026-04-27,7,25938.1,103,51
2026-04-27,8,38024.21,170,53
2026-04-27,9,62186.98,225,86
2026-04-27,10,52597.15,235,91
2026-04-27,11,62261.35,255,95
2026-04-27,12,35590.68,175,58
2026-04-27,13,27655.04,133,55
2026-04-27,14,45617.18,163,65
2026-04-27,15,47717.14,206,86
2026-04-27,16,48650.21,217,91
2026-04-27,17,50693.34,234,92
2026-04-27,18,35241.16,164,60
2026-04-27,19,36198.49,157,50
2026-04-27,20,41192.96,172,76
2026-04-27,21,38412.82,149,64
2026-04-27,22,27304.28,134,51
2026-04-27,23,11543.92,53,17
2026-04-28,0,7458.41,31,12
2026-04-28,1,10176.74,44,21
2026-04-28,2,6132.19,27,3
2026-04-28,3,13030.75,50,24
2026-04-28,4,25461.82,98,35
2026-04-28,5,20466.8,94,32
2026-04-28,6,22874.02,98,33
2026-04-28,7,27932.44,117,44
2026-04-28,8,35653.76,178,77
2026-04-28,9,34047.29,168,73
2026-04-28,10,43835.05,226,74
2026-04-28,11,57020.62,261,106
2026-04-28,12,29016.0,122,40
2026-04-28,13,31697.74,138,54
2026-04-28,14,42949.88,204,78
2026-04-28,15,51397.68,224,83
2026-04-28,16,43310.0,204,73
2026-04-28,17,45981.57,227,103
2026-04-28,18,28226.69,125,62
2026-04-28,19,30286.39,139,63
2026-04-28,20,43828.11,199,82
2026-04-28,21,44316.39,181,62
2026-04-28,22,33959.93,130,62
2026-04-28,23,16504.76,69,18
2026-04-29,0,5585.54,24,29
2026-04-29,1,8122.3,40,17
2026-04-29,2,9108.21,42,27
2026-04-29,3,13446.85,53,25
2026-04-29,4,19552.63,91,44
2026-04-29,5,15648.25,70,41
2026-04-29,6,23871.34,99,50
2026-04-29,7,26272.69,121,67
2026-04-29,8,40954.7,174,66
2026-04-29,9,55135.4,229,92
2026-04-29,10,52451.09,246,89
2026-04-29,11,64256.42,237,70
2026-04-29,12,32322.78,144,52
2026-04-29,13,40789.56,165,70
2026-04-29,14,43831.2,186,69
2026-04-29,15,48683.36,203,93
2026-04-29,16,58044.51,229,93
2026-04-29,17,55214.55,232,75
2026-04-29,18,33600.09,139,47
2026-04-29,19,39677.68,168,64
2026-04-29,20,55842.67,198,77
2026-04-29,21,38475.49,157,42
2026-04-29,22,32137.2,132,63
2026-04-29,23,14904.09,66,12
2026-04-30,0,5077.2,21,3
2026-04-30,1,14631.85,71,30
2026-04-30,2,13939.48,64,36
2026-04-30,3,14143.93,66,25
2026-04-30,4,21455.16,90,32
2026-04-30,5,19066.91,78,25
2026-04-30,6,21534.71,97,54
2026-04-30,7,23792.66,118,54
2026-04-30,8,34203.73,134,35
2026-04-30,9,43305.58,198,100
2026-04-30,10,62668.27,232,103
2026-04-30,11,70886.19,283,119
2026-04-30,12,37006.99,169,72
2026-04-30,13,33536.25,148,56
2026-04-30,14,46831.95,188,78
2026-04-30,15,43090.57,208,93
2026-04-30,16,41423.89,215,74
2026-04-30,17,59341.33,228,85
2026-04-30,18,42198.93,158,49
2026-04-30,19,37653.54,167,69
2026-04-30,20,39780.45,158,56
2026-04-30,21,38979.47,177,82
2026-04-30,22,21214.8,109,42
2026-04-30,23,16109.59,73,26
2026-05-01,0,2193.46,10,8
2026-05-01,1,6424.59,28,3
2026-05-01,2,18552.08,84,48
2026-05-01,3,12391.91,59,27
2026-05-01,4,21635.79,85,39
2026-05-01,5,19119.63,90,32
2026-05-01,6,21598.61,91,32
2026-05-01,7,33261.28,128,40
2026-05-01,8,33548.7,156,59
2026-05-01,9,41605.27,170,73
2026-05-01,10,54071.73,225,86
2026-05-01,11,56307.73,229,81
2026-05-01,12,28807.31,142,56
2026-05-01,13,33015.46,167,63
2026-05-01,14,45324.53,212,73
2026-05-01,15,44033.55,210,91
2026-05-01,16,53405.8,219,87
2026-05-01,17,49519.98,232,84
2026-05-01,18,25735.95,150,46
2026-05-01,19,28507.65,156,68
2026-05-01,20,42570.54,157,65
2026-05-01,21,33724.97,149,49
2026-05-01,22,31460.38,147,49
2026-05-01,23,14179.66,61,13
2026-05-02,0,11922.51,53,23
2026-05-02,1,8420.51,34,3
2026-05-02,2,13811.52,47,16
2026-05-02,3,13952.79,63,16
2026-05-02,4,17104.93,85,33
2026-05-02,5,24339.4,91,27
2026-05-02,6,26584.51,104,35
2026-05-02,7,23490.08,98,45
2026-05-02,8,31074.3,124,40
2026-05-02,9,35852.58,170,60
2026-05-02,10,41938.52,201,97
2026-05-02,11,49107.54,215,95
2026-05-02,12,34114.96,143,43
2026-05-02,13,34002.19,134,60
2026-05-02,14,48485.76,205,83
2026-05-02,15,42145.0,178,64
2026-05-02,16,46399.7,181,70
2026-05-02,17,46141.61,180,79
2026-05-02,18,27230.45,125,26
2026-05-02,19,30662.04,146,55
2026-05-02,20,33489.92,139,61
2026-05-02,21,27326.27,123,43
2026-05-02,22,20790.48,93,51
2026-05-02,23,18997.43,76,44
2026-05-03,0,5049.35,22,12
2026-05-03,1,5160.48,25,12
2026-05-03,2,15445.53,66,20
2026-05-03,3,14987.5,62,20
2026-05-03,4,12387.9,61,31
2026-05-03,5,16799.47,80,49
2026-05-03,6,17986.56,77,34
2026-05-03,7,24997.53,103,44
2026-05-03,8,34451.75,153,62
2026-05-03,9,42286.6,186,89
2026-05-03,10,40966.63,180,79
2026-05-03,11,39911.41,182,77
2026-05-03,12,31564.35,135,54
2026-05-03,13,35318.53,147,51
2026-05-03,14,39253.79,162,68
2026-05-03,15,35304.2,161,72
2026-05-03,16,52552.44,197,78
2026-05-03,17,44085.43,192,69
2026-05-03,18,24116.2,122,54
2026-05-03,19,27639.68,111,31
2026-05-03,20,38979.25,172,64
2026-05-03,21,27065.98,128,60
2026-05-03,22,26642.43,111,51
2026-05-03,23,10732.06,61,33
2026-05-04,0,8509.04,44,10
2026-05-04,1,12044.3,53,33
2026-05-04,2,18197.18,71,43
2026-05-04,3,21530.31,93,42
2026-05-04,4,11935.56,56,18
2026-05-04,5,28825.55,124,45
2026-05-04,6,29293.01,111,42
2026-05-04,7,22590.81,105,41
2026-05-04,8,32325.56,141,47
2026-05-04,9,40374.73,200,69
2026-05-04,10,55905.86,228,71
2026-05-04,11,56849.22,254,81
2026-05-04,12,38264.54,149,59
2026-05-04,13,29937.25,132,51
2026-05-04,14,44066.93,205,80
2026-05-04,15,50807.07,202,68
2026-05-04,16,49875.52,218,101
2026-05-04,17,42472.25,219,68
2026-05-04,18,30021.81,125,50
2026-05-04,19,27542.35,125,56
2026-05-04,20,43141.0,174,82
2026-05-04,21,27109.74,145,46
2026-05-04,22,24179.49,115,41
2026-05-04,23,15108.69,67,26
2026-05-05,0,5732.13,24,10
2026-05-05,1,6612.82,29,25
2026-05-05,2,13375.87,57,28
2026-05-05,3,18073.35,83,34
2026-05-05,4,19734.55,85,20
2026-05-05,5,20696.06,91,32
2026-05-05,6,17389.27,75,23
2026-05-05,7,29871.76,117,34
2026-05-05,8,35304.5,148,65
2026-05-05,9,40607.07,197,92
2026-05-05,10,52630.79,243,102
2026-05-05,11,64366.27,273,101
2026-05-05,12,40379.45,164,60
2026-05-05,13,44046.93,172,47
2026-05-05,14,42930.8,170,74
2026-05-05,15,39498.32,190,68
2026-05-05,16,52802.54,215,78
2026-05-05,17,54470.4,249,108
2026-05-05,18,31226.86,146,38
2026-05-05,19,33466.02,163,78
2026-05-05,20,38403.33,163,61
2026-05-05,21,30211.68,137,56
2026-05-05,22,28996.18,126,53
2026-05-05,23,14150.43,62,22
2026-05-06,0,7335.24,28,8
2026-05-06,1,13172.71,54,17
2026-05-06,2,12344.43,52,31
2026-05-06,3,13305.03,67,29
2026-05-06,4,14670.11,63,12
2026-05-06,5,28403.04,117,66
2026-05-06,6,24325.26,111,24
2026-05-06,7,23343.62,103,32
2026-05-06,8,37478.61,153,38
2026-05-06,9,51581.51,190,74
2026-05-06,10,48444.46,216,56
2026-05-06,11,55255.02,269,121
2026-05-06,12,38284.01,168,59
2026-05-06,13,47014.96,200,60
2026-05-06,14,46855.85,202,87
2026-05-06,15,49665.72,211,76
2026-05-06,16,47415.46,213,87
2026-05-06,17,59342.44,235,89
2026-05-06,18,37775.29,148,38
2026-05-06,19,29441.71,135,44
2026-05-06,20,56501.71,193,51
2026-05-06,21,37768.85,165,64
2026-05-06,22,31577.56,130,54
2026-05-06,23,17406.1,77,30
2026-05-07,0,8085.61,32,10
2026-05-07,1,13128.37,54,3
2026-05-07,2,13333.78,60,22
2026-05-07,3,18236.11,85,41
2026-05-07,4,17407.06,86,22
2026-05-07,5,20423.13,82,39
2026-05-07,6,26675.92,111,49
2026-05-07,7,25830.86,105,44
2026-05-07,8,41996.57,172,77
2026-05-07,9,48647.55,212,91
2026-05-07,10,46462.02,216,80
2026-05-07,11,51824.69,242,90
2026-05-07,12,36545.48,156,40
2026-05-07,13,39152.77,161,53
2026-05-07,14,44881.81,209,63
2026-05-07,15,48084.95,195,64
2026-05-07,16,40833.39,215,79
2026-05-07,17,55256.48,239,78
2026-05-07,18,31185.01,153,71
2026-05-07,19,27665.06,104,41
2026-05-07,20,42051.95,191,74
2026-05-07,21,38563.87,161,51
2026-05-07,22,38215.89,134,61
2026-05-07,23,16982.15,74,23
2026-05-08,0,1552.7,7,3
2026-05-08,1,8114.96,38,15
2026-05-08,2,17006.24,74,28
2026-05-08,3,15776.13,64,25
2026-05-08,4,15003.01,67,18
2026-05-08,5,15653.77,71,18
2026-05-08,6,27129.13,116,46
2026-05-08,7,30201.78,127,46
2026-05-08,8,34716.83,159,63
2026-05-08,9,43937.34,170,63
2026-05-08,10,61897.6,243,101
2026-05-08,11,55282.33,254,98
2026-05-08,12,39636.12,156,65
2026-05-08,13,36341.67,158,55
2026-05-08,14,37551.58,204,63
2026-05-08,15,43527.76,198,63
2026-05-08,16,55954.66,216,77
2026-05-08,17,56731.93,234,91
2026-05-08,18,30159.98,132,60
2026-05-08,19,31629.05,159,49
2026-05-08,20,39000.45,184,73
2026-05-08,21,28044.8,136,62
2026-05-08,22,36657.94,151,48
2026-05-08,23,14023.53,64,30
2026-05-09,0,5458.86,26,10
2026-05-09,1,11271.4,50,13
2026-05-09,2,7463.92,33,3
2026-05-09,3,21583.79,94,43
2026-05-09,4,15420.31,64,24
2026-05-09,5,14658.46,60,33
2026-05-09,6,22578.45,98,41
2026-05-09,7,23852.35,107,46
2026-05-09,8,33405.49,128,49
2026-05-09,9,36627.35,157,44
2026-05-09,10,46036.3,196,76
2026-05-09,11,41774.19,211,95
2026-05-09,12,24444.89,124,46
2026-05-09,13,30875.98,134,67
2026-05-09,14,36786.7,169,51
2026-05-09,15,43457.59,170,61
2026-05-09,16,45576.44,194,62
2026-05-09,17,52845.38,202,88
2026-05-09,18,22738.18,111,34
2026-05-09,19,30718.84,123,51
2026-05-09,20,33790.1,145,51
2026-05-09,21,22554.53,114,64
2026-05-09,22,25314.96,110,62
2026-05-09,23,12451.57,55,17
2026-05-10,0,12772.77,49,3
2026-05-10,1,3764.06,17,3
2026-05-10,2,13636.88,57,5
2026-05-10,3,20807.68,89,20
2026-05-10,4,13362.21,58,26
2026-05-10,5,18093.91,68,30
2026-05-10,6,17351.44,85,39
2026-05-10,7,21553.63,83,36
2026-05-10,8,32657.99,142,50
2026-05-10,9,38880.53,157,65
2026-05-10,10,44239.7,188,66
2026-05-10,11,56574.84,208,78
2026-05-10,12,28867.54,133,46
2026-05-10,13,32117.86,148,54
2026-05-10,14,40328.43,185,84
2026-05-10,15,31797.19,147,65
2026-05-10,16,48826.83,197,55
2026-05-10,17,40760.53,177,74
2026-05-10,18,27297.35,112,38
2026-05-10,19,34499.69,128,54
2026-05-10,20,28546.72,123,62
2026-05-10,21,25562.59,113,29
2026-05-10,22,31486.99,121,44
2026-05-10,23,7378.28,36,13
2026-05-11,0,8641.81,39,23
2026-05-11,1,1432.41,6,4
2026-05-11,2,13140.47,63,36
2026-05-11,3,15359.83,79,41
2026-05-11,4,19411.41,85,27
2026-05-11,5,20999.13,97,31
2026-05-11,6,21661.48,104,28
2026-05-11,7,30415.78,125,36
2026-05-11,8,36146.93,167,46
2026-05-11,9,49439.47,224,75
2026-05-11,10,53092.74,236,97
2026-05-11,11,64605.83,244,106
2026-05-11,12,37421.07,175,67
2026-05-11,13,35278.46,148,61
2026-05-11,14,43186.69,216,88
2026-05-11,15,49355.17,222,74
2026-05-11,16,64868.04,222,104
2026-05-11,17,57524.94,239,88
2026-05-11,18,43076.48,162,58
2026-05-11,19,36984.41,152,62
2026-05-11,20,38742.58,178,76
2026-05-11,21,33669.39,141,42
2026-05-11,22,36361.6,138,57
2026-05-11,23,14155.29,68,32
2026-05-12,0,6915.5,28,17
2026-05-12,1,8185.34,41,14
2026-05-12,2,12558.21,52,28
2026-05-12,3,17490.74,76,29
2026-05-12,4,16689.36,70,33
2026-05-12,5,18506.38,99,32
2026-05-12,6,25316.59,119,40
2026-05-12,7,31399.84,125,43
2026-05-12,8,34455.75,170,71
2026-05-12,9,50088.25,225,88
2026-05-12,10,55256.15,232,70
2026-05-12,11,47294.02,237,76
2026-05-12,12,46139.4,177,60
2026-05-12,13,31565.77,152,40
2026-05-12,14,46873.33,214,79
2026-05-12,15,52740.73,209,84
2026-05-12,16,48834.97,240,87
2026-05-12,17,46991.64,223,87
2026-05-12,18,30918.64,135,54
2026-05-12,19,33583.41,149,49
2026-05-12,20,39611.39,158,68
2026-05-12,21,24208.4,121,36
2026-05-12,22,23316.82,116,43
2026-05-12,23,12877.99,55,10
2026-05-13,0,8173.77,35,6
2026-05-13,1,9748.35,37,11
2026-05-13,2,18987.79,77,16
2026-05-13,3,19956.42,81,19
2026-05-13,4,21799.94,103,27
2026-05-13,5,25790.16,107,43
2026-05-13,6,21974.82,108,44
2026-05-13,7,29303.58,130,61
2026-05-13,8,38445.62,160,45
2026-05-13,9,54284.72,215,81
2026-05-13,10,46951.9,224,90
2026-05-13,11,59095.55,252,94
2026-05-13,12,38210.75,155,57
2026-05-13,13,40808.72,154,42
2026-05-13,14,52659.54,216,69
2026-05-13,15,46941.01,199,78
2026-05-13,16,46264.48,214,73
2026-05-13,17,49389.79,216,73
2026-05-13,18,35844.8,138,59
2026-05-13,19,33599.12,140,55
2026-05-13,20,43828.8,179,68
2026-05-13,21,38591.77,156,46
2026-05-13,22,32075.47,139,45
2026-05-13,23,19865.31,79,27
2026-05-14,0,13964.16,69,18
2026-05-14,1,11269.13,50,26
2026-05-14,2,19264.81,79,16
2026-05-14,3,15921.17,59,39
2026-05-14,4,17056.23,69,20
2026-05-14,5,19823.67,86,32
2026-05-14,6,15999.2,74,27
2026-05-14,7,21921.08,107,55
2026-05-14,8,38822.03,173,62
2026-05-14,9,52627.87,218,86
2026-05-14,10,53132.28,244,89
2026-05-14,11,68199.73,236,81
2026-05-14,12,36435.6,179,54
2026-05-14,13,40484.25,168,69
2026-05-14,14,45182.5,191,71
2026-05-14,15,46884.03,208,56
2026-05-14,16,59389.56,205,79
2026-05-14,17,58382.47,235,86
2026-05-14,18,37773.37,156,63
2026-05-14,19,43105.08,180,57
2026-05-14,20,33436.95,158,65
2026-05-14,21,35680.84,143,51
2026-05-14,22,32353.82,140,40
2026-05-14,23,13088.26,58,9
2026-05-15,0,6921.12,29,35
2026-05-15,1,6260.69,25,3
2026-05-15,2,16931.33,88,17
2026-05-15,3,20625.51,97,40
2026-05-15,4,20245.94,88,7
2026-05-15,5,20133.32,96,45
2026-05-15,6,24451.2,104,30
2026-05-15,7,21218.45,101,34
2026-05-15,8,38302.29,170,73
2026-05-15,9,46369.34,207,64
2026-05-15,10,47577.19,229,113
2026-05-15,11,64557.89,274,114
2026-05-15,12,44465.46,187,74
2026-05-15,13,40308.7,160,73
2026-05-15,14,42024.91,186,57
2026-05-15,15,49421.26,194,73
2026-05-15,16,48774.86,211,79
2026-05-15,17,52723.57,242,69
2026-05-15,18,33464.62,152,69
2026-05-15,19,26292.42,121,52
2026-05-15,20,34851.66,154,52
2026-05-15,21,34711.79,140,31
2026-05-15,22,30050.71,145,61
2026-05-15,23,15728.43,65,24
2026-05-16,0,9033.96,39,7
2026-05-16,1,10984.06,45,31
2026-05-16,2,15492.55,60,23
2026-05-16,3,16516.31,64,15
2026-05-16,4,17191.99,78,25
2026-05-16,5,19183.56,82,35
2026-05-16,6,23131.64,92,51
2026-05-16,7,20934.95,100,47
2026-05-16,8,32040.75,142,72
2026-05-16,9,33937.8,163,55
2026-05-16,10,36945.62,183,65
2026-05-16,11,45546.65,215,90
2026-05-16,12,39847.25,159,65
2026-05-16,13,26228.33,126,56
2026-05-16,14,43150.64,179,69
2026-05-16,15,38227.24,158,51
2026-05-16,16,34654.39,171,69
2026-05-16,17,50137.57,208,66
2026-05-16,18,32863.11,136,44
2026-05-16,19,27277.76,130,44
2026-05-16,20,23248.36,117,47
2026-05-16,21,31178.61,128,46
2026-05-16,22,24953.02,102,35
2026-05-16,23,15081.28,63,27
2026-05-17,0,1453.5,6,9
2026-05-17,1,5271.92,23,6
2026-05-17,2,11896.86,46,20
2026-05-17,3,17940.66,74,14
2026-05-17,4,22160.13,88,37
2026-05-17,5,25378.51,108,51
2026-05-17,6,23739.24,103,40
2026-05-17,7,19654.09,92,50
2026-05-17,8,32120.21,159,65
2026-05-17,9,43894.34,181,47
2026-05-17,10,48353.96,208,73
2026-05-17,11,50952.53,244,87
2026-05-17,12,36581.75,159,80
2026-05-17,13,32702.85,152,71
2026-05-17,14,41664.65,158,72
2026-05-17,15,49632.38,184,61
2026-05-17,16,41921.88,177,63
2026-05-17,17,51948.81,218,91
2026-05-17,18,32315.81,134,51
2026-05-17,19,20899.55,89,30
2026-05-17,20,29142.46,129,52
2026-05-17,21,33764.63,153,73
2026-05-17,22,23201.52,105,39
2026-05-17,23,12650.65,61,15
2026-05-18,0,9198.29,43,22
2026-05-18,1,13868.73,59,16
2026-05-18,2,16497.54,69,25
2026-05-18,3,13778.85,61,21
2026-05-18,4,13732.91,69,24
2026-05-18,5,18889.62,84,29
2026-05-18,6,23719.29,99,37
2026-05-18,7,26359.81,128,42
2026-05-18,8,32329.43,145,50
2026-05-18,9,43071.13,195,61
2026-05-18,10,50773.56,232,94
2026-05-18,11,56425.32,246,84
2026-05-18,12,28753.84,148,61
2026-05-18,13,36219.89,155,61
2026-05-18,14,49330.94,235,92
2026-05-18,15,46819.54,205,60
2026-05-18,16,45115.89,206,87
2026-05-18,17,60369.16,228,80
2026-05-18,18,35464.76,144,73
2026-05-18,19,37108.65,156,62
2026-05-18,20,35307.15,143,51
2026-05-18,21,33884.88,148,42
2026-05-18,22,34771.51,152,70
2026-05-18,23,16261.57,83,27
2026-05-19,0,4490.4,20,23
2026-05-19,1,11259.47,42,12
2026-05-19,2,18372.35,81,52
2026-05-19,3,18946.32,73,12
2026-05-19,4,12899.34,62,25
2026-05-19,5,18080.93,83,23
2026-05-19,6,23433.33,95,30
2026-05-19,7,24927.2,98,39
2026-05-19,8,34484.59,153,50
2026-05-19,9,49140.16,224,87
2026-05-19,10,57739.64,237,79
2026-05-19,11,55226.13,259,95
2026-05-19,12,37423.2,147,61
2026-05-19,13,28427.18,151,61
2026-05-19,14,39395.98,186,70
2026-05-19,15,45282.02,192,66
2026-05-19,16,40330.99,215,59
2026-05-19,17,38510.98,220,88
2026-05-19,18,36602.88,142,48
2026-05-19,19,33294.0,143,58
2026-05-19,20,32803.11,140,60
2026-05-19,21,29565.89,157,98
2026-05-19,22,35833.48,152,54
2026-05-19,23,14865.03,68,21
2026-05-20,0,9555.45,39,3
2026-05-20,1,8618.99,39,3
2026-05-20,2,18024.85,76,23
2026-05-20,3,14135.19,58,29
2026-05-20,4,26284.29,108,39
2026-05-20,5,20052.97,93,48
2026-05-20,6,26073.65,114,41
2026-05-20,7,26410.35,116,46
2026-05-20,8,40952.27,164,78
2026-05-20,9,46687.34,220,79
2026-05-20,10,63306.63,244,101
2026-05-20,11,47922.11,243,90
2026-05-20,12,34203.86,155,68
2026-05-20,13,40201.79,170,62
2026-05-20,14,30291.56,178,68
2026-05-20,15,51840.46,204,61
2026-05-20,16,59896.63,230,92
2026-05-20,17,53458.42,215,99
2026-05-20,18,30141.75,145,66
2026-05-20,19,30060.6,137,45
2026-05-20,20,35072.37,156,71
2026-05-20,21,29812.54,154,52
2026-05-20,22,29721.55,130,30
2026-05-20,23,11914.91,48,38
2026-05-21,0,7670.65,36,26
2026-05-21,1,12705.14,54,22
2026-05-21,2,17918.86,76,36
2026-05-21,3,10012.02,44,7
2026-05-21,4,22536.92,81,19
2026-05-21,5,26384.24,114,49
2026-05-21,6,23154.96,100,28
2026-05-21,7,27928.66,118,32
2026-05-21,8,33621.18,158,40
2026-05-21,9,48226.21,200,94
2026-05-21,10,41602.27,209,84
2026-05-21,11,61366.24,269,97
2026-05-21,12,36370.37,180,55
2026-05-21,13,30341.19,152,68
2026-05-21,14,36878.33,153,53
2026-05-21,15,49898.58,225,80
2026-05-21,16,52223.95,235,70
2026-05-21,17,50994.5,232,92
2026-05-21,18,32525.25,150,32
2026-05-21,19,36064.03,156,49
2026-05-21,20,41780.26,179,64
2026-05-21,21,32697.58,135,49
2026-05-21,22,30013.99,128,42
2026-05-21,23,20001.34,79,9
2026-05-22,0,7364.4,29,15
2026-05-22,1,5605.73,25,3
2026-05-22,2,9578.91,45,34
2026-05-22,3,12357.42,60,24
2026-05-22,4,16527.37,74,31
2026-05-22,5,17973.95,90,28
2026-05-22,6,24879.75,108,58
2026-05-22,7,24144.38,118,51
2026-05-22,8,48850.51,186,72
2026-05-22,9,48118.61,196,92
2026-05-22,10,53557.0,238,92
2026-05-22,11,51668.48,271,104
2026-05-22,12,34012.8,144,52
2026-05-22,13,30556.47,160,72
2026-05-22,14,48303.27,197,56
2026-05-22,15,43608.08,205,82
2026-05-22,16,57276.0,237,100
2026-05-22,17,49216.57,228,92
2026-05-22,18,40728.78,162,78
2026-05-22,19,28170.93,138,56
2026-05-22,20,34861.26,181,73
2026-05-22,21,29565.73,132,47
2026-05-22,22,25383.18,108,44
2026-05-22,23,16564.29,66,17
2026-05-23,0,11758.86,54,15
2026-05-23,1,10451.75,46,13
2026-05-23,2,15125.6,59,3
2026-05-23,3,13464.7,59,18
2026-05-23,4,17413.22,67,8
2026-05-23,5,19424.42,78,34
2026-05-23,6,16174.6,72,32
2026-05-23,7,25081.99,110,20
2026-05-23,8,30403.91,127,52
2026-05-23,9,37584.8,165,55
2026-05-23,10,40516.09,182,77
2026-05-23,11,35778.18,171,61
2026-05-23,12,26005.07,112,30
2026-05-23,13,33987.71,156,62
2026-05-23,14,37386.68,173,61
2026-05-23,15,35107.84,158,42
2026-05-23,16,41675.96,188,70
2026-05-23,17,36861.98,181,74
2026-05-23,18,29663.28,138,42
2026-05-23,19,26198.16,105,34
2026-05-23,20,37028.2,154,68
2026-05-23,21,23583.56,110,38
2026-05-23,22,31479.99,127,36
2026-05-23,23,15970.05,72,45
2026-05-24,0,8705.89,40,38
2026-05-24,1,3908.07,16,3
2026-05-24,2,4774.93,20,3
2026-05-24,3,14301.19,61,27
2026-05-24,4,18832.03,87,23
2026-05-24,5,16368.53,66,33
2026-05-24,6,19405.28,94,47
2026-05-24,7,29854.92,122,61
2026-05-24,8,35780.3,163,45
2026-05-24,9,34275.54,164,69
2026-05-24,10,50244.24,206,91
2026-05-24,11,46660.79,219,73
2026-05-24,12,35529.04,155,66
2026-05-24,13,27115.78,130,29
2026-05-24,14,45355.18,194,60
2026-05-24,15,44635.59,191,60
2026-05-24,16,57186.24,199,75
2026-05-24,17,38512.47,170,75
2026-05-24,18,29716.49,138,56
2026-05-24,19,31468.44,130,30
2026-05-24,20,37925.52,151,63
2026-05-24,21,28033.98,132,51
2026-05-24,22,24837.76,96,48
2026-05-24,23,11654.92,55,21
2026-05-25,0,13978.87,52,26
2026-05-25,1,7508.13,32,8
2026-05-25,2,14240.23,67,23
2026-05-25,3,17357.31,82,38
2026-05-25,4,23268.59,100,49
2026-05-25,5,19787.23,93,40
2026-05-25,6,25495.5,103,17
2026-05-25,7,20329.18,91,49
2026-05-25,8,35205.56,157,53
2026-05-25,9,58262.96,228,61
2026-05-25,10,48996.03,235,77
2026-05-25,11,57527.37,278,96
2026-05-25,12,37600.98,178,71
2026-05-25,13,41330.69,164,52
2026-05-25,14,50056.21,211,85
2026-05-25,15,48082.47,233,88
2026-05-25,16,47183.58,225,106
2026-05-25,17,51278.51,224,89
2026-05-25,18,37037.71,134,62
2026-05-25,19,30251.16,152,48
2026-05-25,20,42152.59,176,77
2026-05-25,21,31015.35,149,50
2026-05-25,22,27672.87,139,61
2026-05-25,23,23735.25,92,40
2026-05-26,0,3178.29,14,3
2026-05-26,1,12938.44,53,38
2026-05-26,2,13493.8,53,9
2026-05-26,3,12112.86,54,36
2026-05-26,4,23635.05,104,46
2026-05-26,5,20039.57,84,28
2026-05-26,6,23575.49,104,33
2026-05-26,7,27742.95,116,22
2026-05-26,8,28652.95,146,43
2026-05-26,9,38847.52,180,54
2026-05-26,10,60490.75,259,93
2026-05-26,11,59168.84,259,99
2026-05-26,12,38058.58,143,68
2026-05-26,13,30294.51,135,41
2026-05-26,14,38993.65,181,73
2026-05-26,15,55986.1,239,102
2026-05-26,16,50962.0,233,99
2026-05-26,17,53649.5,217,83
2026-05-26,18,32305.47,151,41
2026-05-26,19,39878.72,148,55
2026-05-26,20,39227.12,151,62
2026-05-26,21,43888.63,183,65
2026-05-26,22,30783.12,135,53
2026-05-26,23,18273.1,75,3
2026-05-27,0,9753.74,36,11
2026-05-27,1,9444.09,35,9
2026-05-27,2,10217.68,45,11
2026-05-27,3,16535.95,81,32
2026-05-27,4,16448.8,72,21
2026-05-27,5,19059.02,98,41
2026-05-27,6,30665.19,119,47
2026-05-27,7,28959.04,121,56
2026-05-27,8,41275.55,181,74
2026-05-27,9,58195.45,241,100
2026-05-27,10,49529.41,210,66
2026-05-27,11,59369.01,255,90
2026-05-27,12,38121.09,184,76
2026-05-27,13,35337.11,159,52
2026-05-27,14,38725.59,189,67
2026-05-27,15,35139.26,205,72
2026-05-27,16,55396.02,249,105
2026-05-27,17,60700.33,230,75
2026-05-27,18,44333.3,177,68
2026-05-27,19,33708.06,152,44
2026-05-27,20,39259.09,174,61
2026-05-27,21,34194.69,148,55
2026-05-27,22,22473.91,110,34
2026-05-27,23,21004.96,83,10
2026-05-28,0,9786.55,55,17
2026-05-28,1,8391.52,40,14
2026-05-28,2,11921.63,49,33
2026-05-28,3,12290.28,55,4
2026-05-28,4,16885.61,77,34
2026-05-28,5,24384.69,99,56
2026-05-28,6,22732.39,102,36
2026-05-28,7,30479.39,132,43
2026-05-28,8,32610.66,161,56
2026-05-28,9,50641.01,211,79
2026-05-28,10,46954.66,221,96
2026-05-28,11,66357.32,278,88
2026-05-28,12,40065.96,168,55
2026-05-28,13,43209.88,180,46
2026-05-28,14,41488.17,158,50
2026-05-28,15,44756.17,198,63
2026-05-28,16,52034.48,249,76
2026-05-28,17,57438.71,252,114
2026-05-28,18,34045.55,130,70
2026-05-28,19,36414.09,159,52
2026-05-28,20,44033.4,170,67
2026-05-28,21,41719.85,162,50
2026-05-28,22,33972.34,131,56
2026-05-28,23,11407.29,52,19
2026-05-29,0,2802.31,10,7
2026-05-29,1,4370.6,18,6
2026-05-29,2,12036.92,59,21
2026-05-29,3,13406.51,72,19
2026-05-29,4,22641.26,98,46
2026-05-29,5,22276.25,95,46
2026-05-29,6,29980.04,117,41
2026-05-29,7,24347.25,119,47
2026-05-29,8,35843.67,165,54
2026-05-29,9,52864.11,194,63
2026-05-29,10,51179.98,249,113
2026-05-29,11,54885.87,254,83
2026-05-29,12,32645.08,147,68
2026-05-29,13,48864.88,177,73
2026-05-29,14,43756.69,173,78
2026-05-29,15,45450.8,192,83
2026-05-29,16,46357.83,215,73
2026-05-29,17,63867.08,260,98
2026-05-29,18,34474.64,137,44
2026-05-29,19,29757.79,129,44
2026-05-29,20,41397.45,174,64
2026-05-29,21,33435.14,159,67
2026-05-29,22,30242.94,122,58
2026-05-29,23,9140.9,48,21
2026-05-30,0,6331.26,30,30
2026-05-30,1,5177.74,26,17
2026-05-30,2,8475.26,39,20
2026-05-30,3,13113.7,55,28
2026-05-30,4,17092.89,72,23
2026-05-30,5,16724.66,76,33
2026-05-30,6,19490.49,85,22
2026-05-30,7,19989.72,85,21
2026-05-30,8,30992.85,140,61
2026-05-30,9,43478.98,182,74
2026-05-30,10,43422.75,183,71
2026-05-30,11,50140.11,215,60
2026-05-30,12,36624.54,170,60
2026-05-30,13,36047.37,142,57
2026-05-30,14,35545.84,147,63
2026-05-30,15,43351.92,173,69
2026-05-30,16,48787.83,198,63
2026-05-30,17,44904.0,194,74
2026-05-30,18,28312.38,124,59
2026-05-30,19,25693.13,110,37
2026-05-30,20,35143.23,165,68
2026-05-30,21,41903.28,164,64
2026-05-30,22,25912.88,105,45
2026-05-30,23,18805.74,76,39
2026-05-31,0,5679.65,24,3
2026-05-31,1,13319.08,53,17
2026-05-31,2,14928.31,70,17
2026-05-31,3,12292.48,56,24
2026-05-31,4,20309.43,88,37
2026-05-31,5,13194.73,56,8
2026-05-31,6,12476.03,55,31
2026-05-31,7,33050.17,146,78
2026-05-31,8,35648.57,135,61
2026-05-31,9,32851.45,151,39
2026-05-31,10,51284.67,204,82
2026-05-31,11,48690.58,197,51
2026-05-31,12,28879.76,124,26
2026-05-31,13,32684.77,148,55
2026-05-31,14,33095.37,163,58
2026-05-31,15,39011.54,165,67
2026-05-31,16,42557.55,188,61
2026-05-31,17,41889.5,162,63
2026-05-31,18,24604.54,104,33
2026-05-31,19,31342.47,145,50
2026-05-31,20,31688.46,117,45
2026-05-31,21,30973.86,131,49
2026-05-31,22,26371.82,107,32
2026-05-31,23,13050.55,62,23
2026-06-01,0,11822.85,54,27
2026-06-01,1,13075.96,61,18
2026-06-01,2,11013.82,46,3
2026-06-01,3,7728.02,41,3
2026-06-01,4,17653.82,79,28
2026-06-01,5,18185.84,76,17
2026-06-01,6,20168.03,95,39
2026-06-01,7,28281.63,117,57
2026-06-01,8,34678.75,154,61
2026-06-01,9,46929.65,207,75
2026-06-01,10,48856.0,233,78
2026-06-01,11,47711.81,232,72
2026-06-01,12,39164.38,163,53
2026-06-01,13,39139.02,161,41
2026-06-01,14,49349.59,207,68
2026-06-01,15,39713.75,194,74
2026-06-01,16,43457.36,191,68
2026-06-01,17,49728.45,224,73
2026-06-01,18,35748.45,153,57
2026-06-01,19,28700.24,139,64
2026-06-01,20,42891.65,179,79
2026-06-01,21,36605.38,146,50
2026-06-01,22,23315.13,105,30
2026-06-01,23,18325.6,87,36
2026-06-02,0,6258.32,29,4
2026-06-02,1,15730.54,60,9
2026-06-02,2,15231.14,69,37
2026-06-02,3,14487.45,66,10
2026-06-02,4,18083.55,87,46
2026-06-02,5,17379.24,86,31
2026-06-02,6,25322.33,112,35
2026-06-02,7,24824.78,108,33
2026-06-02,8,33822.63,157,55
2026-06-02,9,49120.32,211,96
2026-06-02,10,56889.88,244,78
2026-06-02,11,50790.17,236,74
2026-06-02,12,41805.1,178,77
2026-06-02,13,32572.69,138,50
2026-06-02,14,42014.34,198,56
2026-06-02,15,38331.95,206,83
2026-06-02,16,53350.32,216,83
2026-06-02,17,51360.29,240,97
2026-06-02,18,30003.92,120,41
2026-06-02,19,40559.76,170,71
2026-06-02,20,40476.99,178,62
2026-06-02,21,45639.43,174,56
2026-06-02,22,24425.51,121,59
2026-06-02,23,15530.49,77,21
2026-06-03,0,7884.74,37,24
2026-06-03,1,5249.78,23,7
2026-06-03,2,14872.76,65,34
2026-06-03,3,21414.86,96,38
2026-06-03,4,12503.25,56,18
2026-06-03,5,21879.74,106,44
2026-06-03,6,27619.43,106,46
2026-06-03,7,29593.82,128,56
2026-06-03,8,33755.18,166,75
2026-06-03,9,47754.2,201,68
2026-06-03,10,45184.09,248,88
2026-06-03,11,59225.14,246,102
2026-06-03,12,34138.04,167,60
2026-06-03,13,45978.57,168,55
2026-06-03,14,44425.55,204,71
2026-06-03,15,51729.02,205,75
2026-06-03,16,59185.75,221,76
2026-06-03,17,50102.16,230,95
2026-06-03,18,29599.88,154,61
2026-06-03,19,39748.04,179,80
2026-06-03,20,35918.76,155,62
2026-06-03,21,36979.22,154,60
2026-06-03,22,30933.02,148,61
2026-06-03,23,26080.66,89,50
2026-06-04,0,3202.09,17,8
2026-06-04,1,14497.32,54,15
2026-06-04,2,9925.86,45,3
2026-06-04,3,7359.24,39,22
2026-06-04,4,17887.52,80,9
2026-06-04,5,24676.69,116,47
2026-06-04,6,24663.62,103,39
2026-06-04,7,16535.74,94,41
2026-06-04,8,36642.65,151,52
2026-06-04,9,43532.13,207,64
2026-06-04,10,50672.86,232,87
2026-06-04,11,53813.31,245,100
2026-06-04,12,32042.69,159,82
2026-06-04,13,28784.81,133,58
2026-06-04,14,42712.76,190,64
2026-06-04,15,56866.23,230,95
2026-06-04,16,34124.03,197,63
2026-06-04,17,52153.55,217,92
2026-06-04,18,31568.45,146,55
2026-06-04,19,30047.7,152,65
2026-06-04,20,39018.85,176,76
2026-06-04,21,36466.1,160,88
2026-06-04,22,30838.5,132,42
2026-06-04,23,15720.46,75,30
2026-06-05,0,8841.99,37,28
2026-06-05,1,14699.88,60,20
2026-06-05,2,14418.6,61,13
2026-06-05,3,12624.47,54,14
2026-06-05,4,21090.7,84,20
2026-06-05,5,19924.83,100,30
2026-06-05,6,23458.54,101,33
2026-06-05,7,24223.4,109,21
2026-06-05,8,33701.62,156,65
2026-06-05,9,59443.82,232,69
2026-06-05,10,52340.7,226,94
2026-06-05,11,56167.45,270,98
2026-06-05,12,42666.47,182,68
2026-06-05,13,43301.86,179,57
2026-06-05,14,43048.88,186,69
2026-06-05,15,47291.95,184,62
2026-06-05,16,54253.23,231,87
2026-06-05,17,50848.41,225,99
2026-06-05,18,32596.79,152,69
2026-06-05,19,45165.97,172,50
2026-06-05,20,31905.17,166,60
2026-06-05,21,30934.28,142,43
2026-06-05,22,29034.86,124,56
2026-06-05,23,15504.1,73,16
2026-06-06,0,14734.95,56,13
2026-06-06,1,8799.26,35,13
2026-06-06,2,14889.75,67,24
2026-06-06,3,14126.09,57,25
2026-06-06,4,17868.17,68,32
2026-06-06,5,16568.61,83,34
2026-06-06,6,10948.97,48,22
2026-06-06,7,20591.27,90,36
2026-06-06,8,32904.41,153,59
2026-06-06,9,45700.84,190,70
2026-06-06,10,43556.47,188,64
2026-06-06,11,48294.82,215,86
2026-06-06,12,26800.52,109,37
2026-06-06,13,32964.03,132,47
2026-06-06,14,35152.04,155,43
2026-06-06,15,38050.73,168,54
2026-06-06,16,45574.95,193,73
2026-06-06,17,52295.87,222,80
2026-06-06,18,25977.92,119,36
2026-06-06,19,32960.8,119,48
2026-06-06,20,30879.57,135,47
2026-06-06,21,34005.69,133,53
2026-06-06,22,15625.85,71,3
2026-06-06,23,12738.55,75,12
2026-06-07,0,7703.25,37,16
2026-06-07,1,5573.06,24,3
2026-06-07,2,6743.39,39,19
2026-06-07,3,10119.29,45,5
2026-06-07,4,11568.8,60,30
2026-06-07,5,20836.37,78,35
2026-06-07,6,15513.82,80,33
2026-06-07,7,14023.22,61,31
2026-06-07,8,37021.3,154,44
2026-06-07,9,47812.92,203,81
2026-06-07,10,50136.73,195,58
2026-06-07,11,40741.56,205,82
2026-06-07,12,26543.42,119,59
2026-06-07,13,30519.6,158,59
2026-06-07,14,43671.31,179,62
2026-06-07,15,41058.32,176,51
2026-06-07,16,49889.22,218,87
2026-06-07,17,49414.23,211,82
2026-06-07,18,27577.98,110,44
2026-06-07,19,26010.91,114,57
2026-06-07,20,29827.13,133,60
2026-06-07,21,31574.88,138,49
2026-06-07,22,21670.19,114,46
2026-06-07,23,9321.65,41,24
2026-06-08,0,5418.54,26,3
2026-06-08,1,3270.47,15,4
2026-06-08,2,10203.01,43,15
2026-06-08,3,25318.76,100,22
2026-06-08,4,22236.15,95,28
2026-06-08,5,22115.52,85,34
2026-06-08,6,24796.11,112,47
2026-06-08,7,23380.16,92,32
2026-06-08,8,32088.5,138,41
2026-06-08,9,42533.38,192,65
2026-06-08,10,51010.33,209,69
2026-06-08,11,50654.08,233,72
2026-06-08,12,37741.13,171,63
2026-06-08,13,38622.95,161,43
2026-06-08,14,50273.82,201,72
2026-06-08,15,44287.08,190,83
2026-06-08,16,48533.05,213,80
2026-06-08,17,53257.9,248,83
2026-06-08,18,40921.76,165,56
2026-06-08,19,42391.14,174,62
2026-06-08,20,36268.21,155,66
2026-06-08,21,30697.42,156,52
2026-06-08,22,29969.5,134,30
2026-06-08,23,22324.25,83,33
2026-06-09,0,11296.77,49,12
2026-06-09,1,9503.64,45,3
2026-06-09,2,11316.54,49,3
2026-06-09,3,15475.48,65,7
2026-06-09,4,20340.2,91,36
2026-06-09,5,23614.81,100,44
2026-06-09,6,23105.77,91,37
2026-06-09,7,23265.66,106,61
2026-06-09,8,37748.93,161,54
2026-06-09,9,37468.36,180,62
2026-06-09,10,56357.47,232,98
2026-06-09,11,51191.51,217,102
2026-06-09,12,34795.05,149,58
2026-06-09,13,32677.58,150,58
2026-06-09,14,38054.5,189,64
2026-06-09,15,50222.21,209,85
2026-06-09,16,50449.46,230,90
2026-06-09,17,51300.75,242,78
2026-06-09,18,33595.53,135,62
2026-06-09,19,33136.64,156,69
2026-06-09,20,43707.96,177,66
2026-06-09,21,35400.27,147,52
2026-06-09,22,31800.21,139,46
2026-06-09,23,12402.49,53,3
2026-06-10,0,8213.38,43,18
2026-06-10,1,10295.76,40,3
2026-06-10,2,10205.61,41,28
2026-06-10,3,13035.41,55,9
2026-06-10,4,14763.01,67,26
2026-06-10,5,15244.69,65,3
2026-06-10,6,23172.14,95,30
2026-06-10,7,29460.82,132,47
2026-06-10,8,39389.79,168,50
2026-06-10,9,41121.96,215,88
2026-06-10,10,50575.51,218,74
2026-06-10,11,57226.18,260,113
2026-06-10,12,36097.53,153,69
2026-06-10,13,37234.38,180,71
2026-06-10,14,42567.18,175,50
2026-06-10,15,55297.11,224,103
2026-06-10,16,48614.85,235,83
2026-06-10,17,56180.03,242,96
2026-06-10,18,39629.83,155,62
2026-06-10,19,41481.9,168,69
2026-06-10,20,44123.63,180,63
2026-06-10,21,26382.02,128,59
2026-06-10,22,31338.81,130,40
2026-06-10,23,16212.15,68,9
2026-06-11,0,5750.66,25,18
2026-06-11,1,11128.88,51,9
2026-06-11,2,13177.38,50,27
2026-06-11,3,10449.96,56,32
2026-06-11,4,12582.89,62,13
2026-06-11,5,15348.87,68,29
2026-06-11,6,25649.05,109,48
2026-06-11,7,25576.26,124,46
2026-06-11,8,37186.7,176,60
2026-06-11,9,45216.88,204,68
2026-06-11,10,49830.2,235,92
2026-06-11,11,58782.36,245,103
2026-06-11,12,48554.09,192,84
2026-06-11,13,32051.3,140,60
2026-06-11,14,46545.09,187,72
2026-06-11,15,52397.72,214,72
2026-06-11,16,46578.06,208,81
2026-06-11,17,47278.32,226,93
2026-06-11,18,38812.3,178,49
2026-06-11,19,35338.53,155,64
2026-06-11,20,38539.74,171,69
2026-06-11,21,42067.6,170,72
2026-06-11,22,25086.96,112,41
2026-06-11,23,11620.1,53,23
2026-06-12,0,11632.76,44,6
2026-06-12,1,7866.79,32,14
2026-06-12,2,9859.98,48,26
2026-06-12,3,19626.46,90,34
2026-06-12,4,16591.63,76,36
2026-06-12,5,16516.86,80,28
2026-06-12,6,32062.2,130,43
2026-06-12,7,27125.95,118,34
2026-06-12,8,43664.31,172,63
2026-06-12,9,49019.12,222,93
2026-06-12,10,49825.99,213,74
2026-06-12,11,59987.65,261,77
2026-06-12,12,41699.55,163,59
2026-06-12,13,37688.69,167,76
2026-06-12,14,53552.88,209,95
2026-06-12,15,42388.37,190,69
2026-06-12,16,47974.98,225,92
2026-06-12,17,59791.79,231,67
2026-06-12,18,31556.79,141,54
2026-06-12,19,38124.85,166,34
2026-06-12,20,44969.17,170,60
2026-06-12,21,32249.01,136,59
2026-06-12,22,31224.39,145,48
2026-06-12,23,16923.61,85,36
2026-06-13,0,5181.86,21,11
2026-06-13,1,6733.0,28,3
2026-06-13,2,5200.6,30,3
2026-06-13,3,15784.08,70,27
2026-06-13,4,23347.01,89,40
2026-06-13,5,11266.95,57,21
2026-06-13,6,20372.71,84,29
2026-06-13,7,23918.74,98,43
2026-06-13,8,35689.34,169,61
2026-06-13,9,46475.42,179,59
2026-06-13,10,42129.57,191,66
2026-06-13,11,48862.5,225,83
2026-06-13,12,37144.52,161,52
2026-06-13,13,34982.36,146,39
2026-06-13,14,31612.05,150,65
2026-06-13,15,45984.54,186,81
2026-06-13,16,41291.13,189,69
2026-06-13,17,45409.13,217,75
2026-06-13,18,28906.83,137,44
2026-06-13,19,23976.3,105,35
2026-06-13,20,36080.69,150,66
2026-06-13,21,29785.19,124,45
2026-06-13,22,27797.79,126,49
2026-06-13,23,10462.99,43,3
2026-06-14,0,8414.79,37,19
2026-06-14,1,14946.32,60,17
2026-06-14,2,11608.83,48,12
2026-06-14,3,14824.04,64,27
2026-06-14,4,16996.9,67,49
2026-06-14,5,22262.74,89,34
2026-06-14,6,21273.23,95,36
2026-06-14,7,22484.35,96,4
2026-06-14,8,29719.91,129,64
2026-06-14,9,33034.26,158,59
2026-06-14,10,50329.67,202,79
2026-06-14,11,41148.01,203,77
2026-06-14,12,35267.67,147,61
2026-06-14,13,35643.8,136,55
2026-06-14,14,33532.67,161,62
2026-06-14,15,40836.74,162,62
2026-06-14,16,40157.08,181,66
2026-06-14,17,37410.26,187,74
2026-06-14,18,35687.96,146,48
2026-06-14,19,26291.4,108,47
2026-06-14,20,35718.63,152,47
2026-06-14,21,27314.12,109,38
2026-06-14,22,25049.96,119,45
2026-06-14,23,12484.37,68,26
2026-06-15,0,11686.26,46,17
2026-06-15,1,6831.87,29,3
2026-06-15,2,12836.23,61,6
2026-06-15,3,26908.11,110,38
2026-06-15,4,15861.64,70,5
2026-06-15,5,20038.23,88,29
2026-06-15,6,21905.03,107,39
2026-06-15,7,23057.13,122,26
2026-06-15,8,39362.56,172,70
2026-06-15,9,41802.58,186,63
2026-06-15,10,50067.6,206,70
2026-06-15,11,67165.56,274,99
2026-06-15,12,28237.58,132,56
2026-06-15,13,42307.37,165,60
2026-06-15,14,40842.59,182,75
2026-06-15,15,43469.65,204,75
2026-06-15,16,51191.81,218,82
2026-06-15,17,57396.61,231,95
2026-06-15,18,27434.35,133,59
2026-06-15,19,30300.24,158,66
2026-06-15,20,37164.67,173,61
2026-06-15,21,36144.45,169,57
2026-06-15,22,28850.21,127,55
2026-06-15,23,16033.48,86,37
2026-06-16,0,6229.27,26,4
2026-06-16,1,1443.72,6,27
2026-06-16,2,16335.51,59,34
2026-06-16,3,19074.33,82,40
2026-06-16,4,16651.27,78,24
2026-06-16,5,18507.09,81,17
2026-06-16,6,17883.32,78,31
2026-06-16,7,34109.85,117,39
2026-06-16,8,42472.98,181,56
2026-06-16,9,40030.12,197,64
2026-06-16,10,58848.14,236,82
2026-06-16,11,56858.25,267,115
2026-06-16,12,37046.76,168,70
2026-06-16,13,34947.94,149,72
2026-06-16,14,42150.93,205,69
2026-06-16,15,41325.69,198,73
2026-06-16,16,45256.59,218,65
2026-06-16,17,53318.99,240,97
2026-06-16,18,29819.64,134,40
2026-06-16,19,34991.03,159,69
2026-06-16,20,33097.04,155,61
2026-06-16,21,34762.47,141,66
2026-06-16,22,29981.18,128,35
2026-06-16,23,21589.87,84,28
2026-06-17,0,12513.56,53,36
2026-06-17,1,12903.19,54,34
2026-06-17,2,11503.78,49,14
2026-06-17,3,12344.62,49,17
2026-06-17,4,11865.03,47,33
2026-06-17,5,19555.35,85,37
2026-06-17,6,24441.83,121,55
2026-06-17,7,28493.77,123,44
2026-06-17,8,37620.19,150,74
2026-06-17,9,43345.88,195,60
2026-06-17,10,60194.79,236,92
2026-06-17,11,62445.8,264,110
2026-06-17,12,35168.25,140,51
2026-06-17,13,35780.01,160,65
2026-06-17,14,42512.57,180,67
2026-06-17,15,41608.51,197,72
2026-06-17,16,60877.95,235,86
2026-06-17,17,52877.42,252,94
2026-06-17,18,23897.75,118,30
2026-06-17,19,40424.66,170,65
2026-06-17,20,34436.08,139,40
2026-06-17,21,36918.42,153,56
2026-06-17,22,34939.5,151,55
2026-06-17,23,13348.91,71,50
2026-06-18,0,10618.76,44,15
2026-06-18,1,8792.22,36,13
2026-06-18,2,22156.02,104,47
2026-06-18,3,12033.4,62,19
2026-06-18,4,15338.65,75,35
2026-06-18,5,23038.74,107,45
2026-06-18,6,24711.77,101,54
2026-06-18,7,26626.2,115,41
2026-06-18,8,41439.06,153,37
2026-06-18,9,47827.95,209,83
2026-06-18,10,43166.64,218,80
2026-06-18,11,60086.51,287,96
2026-06-18,12,35464.69,154,71
2026-06-18,13,34736.04,142,66
2026-06-18,14,56411.11,203,84
2026-06-18,15,62732.17,239,83
2026-06-18,16,43938.63,224,90
2026-06-18,17,55969.39,227,78
2026-06-18,18,37877.28,165,41
2026-06-18,19,40600.49,166,61
2026-06-18,20,39749.54,177,70
2026-06-18,21,31988.5,131,38
2026-06-18,22,27911.8,126,46
2026-06-18,23,14290.89,64,34
2026-06-19,0,3162.63,14,12
2026-06-19,1,10561.08,46,33
2026-06-19,2,13762.0,61,11
2026-06-19,3,18253.32,78,14
2026-06-19,4,20560.94,82,31
2026-06-19,5,20382.44,97,51
2026-06-19,6,21904.57,105,40
2026-06-19,7,29626.12,129,72
2026-06-19,8,36242.36,168,64
2026-06-19,9,36186.79,179,60
2026-06-19,10,56885.81,255,95
2026-06-19,11,57100.28,266,89
2026-06-19,12,38885.46,162,71
2026-06-19,13,39032.77,164,63
2026-06-19,14,45722.47,198,64
2026-06-19,15,41873.54,190,73
2026-06-19,16,51690.29,256,96
2026-06-19,17,59807.07,227,91
2026-06-19,18,34487.14,140,37
2026-06-19,19,28780.49,128,44
2026-06-19,20,36991.97,171,71
2026-06-19,21,33783.83,145,54
2026-06-19,22,31353.35,127,52
2026-06-19,23,14678.31,74,32
2026-06-20,0,7337.36,30,16
2026-06-20,1,6118.5,28,4
2026-06-20,2,12423.64,56,31
2026-06-20,3,16381.03,72,28
2026-06-20,4,15373.25,65,32
2026-06-20,5,26920.55,112,34
2026-06-20,6,18382.61,80,21
2026-06-20,7,22405.39,99,66
2026-06-20,8,22432.36,119,47
2026-06-20,9,42785.21,174,66
2026-06-20,10,47667.42,210,74
2026-06-20,11,47948.17,203,65
2026-06-20,12,24581.29,117,40
2026-06-20,13,29575.39,145,73
2026-06-20,14,31783.33,138,51
2026-06-20,15,40451.71,179,63
2026-06-20,16,36461.71,191,82
2026-06-20,17,40000.05,189,73
2026-06-20,18,35063.64,153,51
2026-06-20,19,26064.25,135,45
2026-06-20,20,31256.69,140,63
2026-06-20,21,25465.83,114,52
2026-06-20,22,24296.09,99,39
2026-06-20,23,23800.5,94,43
2026-06-21,0,4856.18,21,3
2026-06-21,1,9059.76,40,4
2026-06-21,2,12964.63,54,24
2026-06-21,3,13842.49,63,18
2026-06-21,4,11513.45,50,36
2026-06-21,5,21364.77,74,18
2026-06-21,6,16920.49,71,22
2026-06-21,7,28212.13,106,49
2026-06-21,8,32380.0,144,44
2026-06-21,9,36367.9,180,89
2026-06-21,10,52559.16,213,82
2026-06-21,11,52188.72,213,72
2026-06-21,12,33541.15,146,65
2026-06-21,13,31291.21,127,32
2026-06-21,14,37707.31,172,55
2026-06-21,15,35892.59,168,49
2026-06-21,16,36157.98,168,59
2026-06-21,17,43613.69,171,85
2026-06-21,18,27410.17,115,46
2026-06-21,19,36265.27,144,46
2026-06-21,20,33738.62,138,39
2026-06-21,21,30076.8,146,81
2026-06-21,22,28988.73,118,40
2026-06-21,23,7721.37,36,3
2026-06-22,0,8511.34,35,6
2026-06-22,1,16004.92,61,29
2026-06-22,2,16207.85,63,11
2026-06-22,3,15427.01,59,31
2026-06-22,4,18412.31,87,18
2026-06-22,5,25706.65,111,40
2026-06-22,6,26855.66,114,50
2026-06-22,7,27434.54,111,39
2026-06-22,8,42527.54,169,61
2026-06-22,9,44038.22,205,69
2026-06-22,10,54755.01,215,78
2026-06-22,11,52047.89,240,93
2026-06-22,12,35417.51,157,44
2026-06-22,13,37045.57,158,65
2026-06-22,14,41454.47,177,78
2026-06-22,15,45905.77,209,79
2026-06-22,16,43108.72,221,88
2026-06-22,17,51962.27,221,81
2026-06-22,18,36746.81,167,55
2026-06-22,19,31450.93,141,45
2026-06-22,20,43894.36,184,59
2026-06-22,21,27479.46,123,41
2026-06-22,22,28082.24,151,54
2026-06-22,23,9448.74,39,15
2026-06-23,0,10129.81,40,16
2026-06-23,1,7302.31,37,23
2026-06-23,2,9653.63,43,3
2026-06-23,3,15724.16,68,26
2026-06-23,4,13203.37,66,23
2026-06-23,5,24664.9,112,39
2026-06-23,6,26351.01,127,35
2026-06-23,7,23386.0,98,36
2026-06-23,8,31821.95,172,91
2026-06-23,9,47146.69,216,76
2026-06-23,10,58011.91,220,74
2026-06-23,11,68110.38,265,100
2026-06-23,12,25728.81,138,39
2026-06-23,13,34808.58,150,58
2026-06-23,14,48474.43,197,60
2026-06-23,15,40350.4,210,87
2026-06-23,16,49517.94,223,72
2026-06-23,17,50686.67,238,91
2026-06-23,18,37697.8,149,41
2026-06-23,19,32042.53,146,66
2026-06-23,20,40593.85,164,54
2026-06-23,21,30684.43,138,58
2026-06-23,22,19816.11,96,30
2026-06-23,23,17147.85,69,14
2026-06-24,0,8022.89,33,10
2026-06-24,1,12874.56,60,22
2026-06-24,2,6529.67,30,4
2026-06-24,3,17063.11,70,23
2026-06-24,4,18011.26,71,26
2026-06-24,5,21142.23,97,36
2026-06-24,6,20602.91,94,27
2026-06-24,7,25578.57,126,45
2026-06-24,8,37748.03,187,74
2026-06-24,9,52818.37,200,77
2026-06-24,10,54951.81,213,90
2026-06-24,11,50853.54,243,89
2026-06-24,12,38181.3,157,59
2026-06-24,13,33745.67,177,59
2026-06-24,14,45822.73,195,77
2026-06-24,15,52582.4,202,78
2026-06-24,16,49279.11,224,81
2026-06-24,17,51377.81,227,102
2026-06-24,18,37544.97,149,51
2026-06-24,19,41234.67,178,72
2026-06-24,20,42368.22,173,41
2026-06-24,21,32581.38,151,61
2026-06-24,22,30051.9,120,41
2026-06-24,23,15032.89,63,44
2026-06-25,0,3254.5,15,4
2026-06-25,1,3172.82,13,20
2026-06-25,2,13153.38,65,26
2026-06-25,3,12747.51,61,31
2026-06-25,4,9540.92,42,13
2026-06-25,5,22818.7,94,43
2026-06-25,6,21359.4,107,52
2026-06-25,7,25035.47,122,52
2026-06-25,8,29914.15,138,44
2026-06-25,9,46406.32,218,76
2026-06-25,10,50657.39,220,94
2026-06-25,11,63960.3,250,93
2026-06-25,12,34897.28,149,69
2026-06-25,13,33004.18,158,85
2026-06-25,14,47319.36,190,59
2026-06-25,15,59039.12,232,104
2026-06-25,16,42263.97,215,78
2026-06-25,17,57241.82,260,103
2026-06-25,18,40244.38,169,54
2026-06-25,19,33394.37,146,61
2026-06-25,20,37646.59,150,57
2026-06-25,21,31154.32,149,64
2026-06-25,22,30862.39,126,41
2026-06-25,23,17371.04,69,33
2026-06-26,0,9241.57,44,19
2026-06-26,1,10040.34,45,11
2026-06-26,2,9733.51,51,9
2026-06-26,3,11776.11,58,23
2026-06-26,4,20036.89,80,49
2026-06-26,5,29388.62,116,47
2026-06-26,6,16119.98,92,28
2026-06-26,7,28899.61,132,65
2026-06-26,8,37311.53,157,52
2026-06-26,9,53116.1,223,67
2026-06-26,10,53815.47,225,86
2026-06-26,11,56430.62,250,93
2026-06-26,12,41022.04,175,70
2026-06-26,13,34964.25,141,49
2026-06-26,14,52004.73,196,81
2026-06-26,15,48791.21,222,85
2026-06-26,16,40226.36,180,66
2026-06-26,17,52544.19,235,87
2026-06-26,18,29223.03,122,36
2026-06-26,19,41397.34,175,65
2026-06-26,20,44144.55,186,62
2026-06-26,21,32157.87,138,61
2026-06-26,22,31738.28,130,41
2026-06-26,23,22320.48,100,27
2026-06-27,0,7001.89,32,20
2026-06-27,1,245.21,1,13
2026-06-27,2,5750.0,22,3
2026-06-27,3,18118.22,80,39
2026-06-27,4,17426.97,69,24
2026-06-27,5,16263.36,65,16
2026-06-27,6,18841.57,87,46
2026-06-27,7,22094.14,96,27
2026-06-27,8,22945.34,114,38
2026-06-27,9,36343.42,186,77
2026-06-27,10,49647.83,215,106
2026-06-27,11,41742.23,205,106
2026-06-27,12,35195.7,137,53
2026-06-27,13,29958.64,142,48
2026-06-27,14,37184.0,161,51
2026-06-27,15,42602.19,167,48
2026-06-27,16,40341.0,178,54
2026-06-27,17,46380.06,196,57
2026-06-27,18,26693.19,111,59
2026-06-27,19,27575.98,121,38
2026-06-27,20,34976.81,155,58
2026-06-27,21,28338.26,127,42
2026-06-27,22,17934.17,76,38
2026-06-27,23,10891.8,47,36
2026-06-28,0,3093.49,13,13
2026-06-28,1,10755.45,45,12
2026-06-28,2,8443.65,44,22
2026-06-28,3,11162.25,52,36
2026-06-28,4,12136.53,59,17
2026-06-28,5,10472.27,45,14
2026-06-28,6,20084.89,87,31
2026-06-28,7,24692.57,113,41
2026-06-28,8,34087.75,132,55
2026-06-28,9,39303.35,166,64
2026-06-28,10,36123.57,180,68
2026-06-28,11,41796.63,188,75
2026-06-28,12,29255.61,139,52
2026-06-28,13,35063.44,136,39
2026-06-28,14,30327.41,145,53
2026-06-28,15,40411.31,184,66
2026-06-28,16,47585.91,198,75
2026-06-28,17,41785.95,180,54
2026-06-28,18,27865.02,122,52
2026-06-28,19,34809.94,130,33
2026-06-28,20,30712.06,144,61
2026-06-28,21,31314.42,131,36
2026-06-28,22,24883.87,102,39
2026-06-28,23,9565.86,40,8
2026-06-29,0,15718.48,65,23
2026-06-29,1,8582.44,44,36
2026-06-29,2,10432.38,58,5
2026-06-29,3,16374.14,73,29
2026-06-29,4,17537.25,78,60
2026-06-29,5,23354.56,99,31
2026-06-29,6,26371.42,99,33
2026-06-29,7,24276.88,132,51
2026-06-29,8,34934.95,155,85
2026-06-29,9,52266.58,223,99
2026-06-29,10,52879.27,217,58
2026-06-29,11,49200.86,240,92
2026-06-29,12,36953.38,157,59
2026-06-29,13,31400.94,144,66
2026-06-29,14,39216.88,170,63
2026-06-29,15,47081.64,209,93
2026-06-29,16,53224.79,216,71
2026-06-29,17,44522.31,232,83
2026-06-29,18,37307.83,171,52
2026-06-29,19,30819.99,154,46
2026-06-29,20,30673.48,140,60
2026-06-29,21,40833.2,193,63
2026-06-29,22,26030.32,118,47
2026-06-29,23,15784.72,78,19
2026-06-30,0,1537.47,7,3
2026-06-30,1,10449.59,41,9
2026-06-30,2,14559.12,75,25
2026-06-30,3,13011.44,60,16
2026-06-30,4,15558.84,70,20
2026-06-30,5,19451.0,82,33
2026-06-30,6,18725.49,89,46
2026-06-30,7,19228.67,90,38
2026-06-30,8,42545.1,165,38
2026-06-30,9,43492.11,217,67
2026-06-30,10,54395.66,255,89
2026-06-30,11,49372.59,219,79
2026-06-30,12,34130.62,171,50
2026-06-30,13,33162.35,167,73
2026-06-30,14,53137.42,211,80
2026-06-30,15,46526.93,205,52
2026-06-30,16,52004.32,234,79
2026-06-30,17,59797.92,227,57
2026-06-30,18,30815.91,135,56
2026-06-30,19,37850.65,168,67
2026-06-30,20,30612.46,159,68
2026-06-30,21,40552.26,159,49
2026-06-30,22,29649.89,128,55
2026-06-30,23,10224.81,42,7
2026-07-01,0,8570.36,36,25
2026-07-01,1,7193.81,31,3
2026-07-01,2,5254.37,22,25
2026-07-01,3,22175.54,87,17
2026-07-01,4,27733.37,113,29
2026-07-01,5,22066.91,92,19
2026-07-01,6,29384.93,116,38
2026-07-01,7,20713.14,89,18
2026-07-01,8,39636.89,161,54
2026-07-01,9,48692.98,214,89
2026-07-01,10,64787.25,239,86
2026-07-01,11,55367.46,240,112
2026-07-01,12,32552.52,140,66
2026-07-01,13,40959.33,173,77
2026-07-01,14,42782.81,186,80
2026-07-01,15,51849.9,217,60
2026-07-01,16,50432.04,208,95
2026-07-01,17,48937.27,233,93
2026-07-01,18,41149.48,173,85
2026-07-01,19,37031.99,173,60
2026-07-01,20,38426.81,173,70
2026-07-01,21,32975.32,157,62
2026-07-01,22,31279.54,134,59
2026-07-01,23,20584.87,86,20
2026-07-02,0,3478.1,16,3
2026-07-02,1,6997.23,31,6
2026-07-02,2,13880.12,70,23
2026-07-02,3,19679.0,86,24
2026-07-02,4,21913.87,87,35
2026-07-02,5,27083.55,99,29
2026-07-02,6,26423.52,106,38
2026-07-02,7,33021.55,118,48
2026-07-02,8,36243.72,156,56
2026-07-02,9,42523.62,223,69
2026-07-02,10,48952.25,221,67
2026-07-02,11,52380.5,260,89
2026-07-02,12,31768.29,162,70
2026-07-02,13,43091.13,173,73
2026-07-02,14,47473.05,213,102
2026-07-02,15,47848.22,208,74
2026-07-02,16,51279.74,241,78
2026-07-02,17,55684.34,250,105
2026-07-02,18,42120.89,162,64
2026-07-02,19,42426.04,150,67
2026-07-02,20,44245.26,181,69
2026-07-02,21,33638.6,144,78
2026-07-02,22,30737.22,122,38
2026-07-02,23,19805.38,82,26
2026-07-03,0,2629.61,11,6
2026-07-03,1,14514.74,71,19
2026-07-03,2,11296.26,44,3
2026-07-03,3,23407.18,92,38
2026-07-03,4,18313.82,82,30
2026-07-03,5,20469.8,87,17
2026-07-03,6,23650.79,102,46
2026-07-03,7,25921.62,112,33
2026-07-03,8,39860.91,172,53
2026-07-03,9,45831.0,210,72
2026-07-03,10,55220.64,233,77
2026-07-03,11,66144.82,239,101
2026-07-03,12,31888.84,148,61
2026-07-03,13,42171.67,176,54
2026-07-03,14,38107.07,182,67
2026-07-03,15,52787.6,219,74
2026-07-03,16,49619.44,213,79
2026-07-03,17,56812.26,218,84
2026-07-03,18,35614.79,137,63
2026-07-03,19,32337.37,137,37
2026-07-03,20,37834.17,164,81
2026-07-03,21,34496.34,137,40
2026-07-03,22,29146.58,117,44
2026-07-03,23,14009.79,61,22
2026-07-04,0,8798.31,39,20
2026-07-04,1,8017.91,40,11
2026-07-04,2,11040.93,52,38
2026-07-04,3,11491.12,47,9
2026-07-04,4,15872.97,75,26
2026-07-04,5,18396.61,79,14
2026-07-04,6,20134.31,101,25
2026-07-04,7,30578.99,121,39
2026-07-04,8,31994.95,134,49
2026-07-04,9,36023.97,162,62
2026-07-04,10,39328.42,175,69
2026-07-04,11,55507.54,212,68
2026-07-04,12,33583.67,150,66
2026-07-04,13,25165.59,110,61
2026-07-04,14,39014.73,154,62
2026-07-04,15,44040.5,175,79
2026-07-04,16,42106.48,169,57
2026-07-04,17,31013.04,154,57
2026-07-04,18,26517.38,119,42
2026-07-04,19,32548.91,118,33
2026-07-04,20,45525.77,174,54
2026-07-04,21,27676.88,121,47
2026-07-04,22,22554.22,97,46
2026-07-04,23,10818.53,51,6
2026-07-05,0,824.27,4,3
2026-07-05,1,8889.51,35,27
2026-07-05,2,12844.68,48,17
2026-07-05,3,13297.66,66,21
2026-07-05,4,16085.16,74,36
2026-07-05,5,18558.19,82,27
2026-07-05,6,12469.37,50,16
2026-07-05,7,18909.53,88,33
2026-07-05,8,29992.55,142,51
2026-07-05,9,42490.86,195,83
2026-07-05,10,49054.9,202,82
2026-07-05,11,41316.54,189,81
2026-07-05,12,30920.91,131,76
2026-07-05,13,33771.18,131,27
2026-07-05,14,32389.08,145,45
2026-07-05,15,44688.12,197,82
2026-07-05,16,44230.68,190,66
2026-07-05,17,48871.34,196,84
2026-07-05,18,32808.08,134,47
2026-07-05,19,27741.78,125,36
2026-07-05,20,33270.43,147,64
2026-07-05,21,25085.07,108,41
2026-07-05,22,27541.63,110,50
2026-07-05,23,10250.61,49,12
2026-07-06,0,9842.73,44,31
2026-07-06,1,10084.67,42,30
2026-07-06,2,15588.77,64,12
2026-07-06,3,12268.55,55,9
2026-07-06,4,14283.81,71,24
2026-07-06,5,20251.63,106,51
2026-07-06,6,29162.46,118,36
2026-07-06,7,25571.68,113,43
2026-07-06,8,43346.07,179,55
2026-07-06,9,61658.16,223,91
2026-07-06,10,50588.96,222,93
2026-07-06,11,60227.71,271,102
2026-07-06,12,36314.19,180,63
2026-07-06,13,39449.64,153,64
2026-07-06,14,39958.79,197,88
2026-07-06,15,45541.76,200,73
2026-07-06,16,48421.75,219,90
2026-07-06,17,49063.87,232,87
2026-07-06,18,33324.66,147,54
2026-07-06,19,32981.76,149,57
2026-07-06,20,41175.89,191,60
2026-07-06,21,38758.66,191,62
2026-07-06,22,30865.35,137,31
2026-07-06,23,19226.43,101,22
2026-07-07,0,3029.95,12,13
2026-07-07,1,9796.59,38,21
2026-07-07,2,15453.53,84,29
2026-07-07,3,12589.99,56,17
2026-07-07,4,19672.62,77,40
2026-07-07,5,21106.64,89,44
2026-07-07,6,24070.28,104,48
2026-07-07,7,31856.0,145,40
2026-07-07,8,40602.11,159,64
2026-07-07,9,50851.16,206,64
2026-07-07,10,55411.66,241,72
2026-07-07,11,48535.14,229,80
2026-07-07,12,35341.86,173,66
2026-07-07,13,41168.8,174,51
2026-07-07,14,43935.63,183,65
2026-07-07,15,48867.95,214,94
2026-07-07,16,52101.67,223,80
2026-07-07,17,45766.3,236,88
2026-07-07,18,33325.07,154,62
2026-07-07,19,31177.76,130,64
2026-07-07,20,36092.27,169,52
2026-07-07,21,37009.02,169,65
2026-07-07,22,34842.26,134,42
2026-07-07,23,19350.97,89,29
2026-07-08,0,203.21,1,3
2026-07-08,1,9748.48,48,14
2026-07-08,2,12749.51,53,25
2026-07-08,3,8093.33,40,13
2026-07-08,4,19931.71,94,43
2026-07-08,5,14795.53,80,25
2026-07-08,6,26935.58,108,38
2026-07-08,7,19587.21,98,31
2026-07-08,8,36238.32,145,43
2026-07-08,9,43587.41,196,75
2026-07-08,10,50816.23,210,78
2026-07-08,11,49843.31,234,97
2026-07-08,12,33159.89,153,63
2026-07-08,13,37446.56,161,58
2026-07-08,14,38528.78,159,42
2026-07-08,15,49976.51,222,75
2026-07-08,16,42057.11,222,91
2026-07-08,17,52717.57,216,78
2026-07-08,18,37546.04,186,68
2026-07-08,19,35984.84,155,72
2026-07-08,20,38436.8,158,69
2026-07-08,21,33492.67,134,54
2026-07-08,22,32088.73,144,54
2026-07-08,23,20773.13,87,20
2026-07-09,0,2922.91,13,15
2026-07-09,1,13359.81,65,29
2026-07-09,2,19316.37,78,45
2026-07-09,3,13275.79,57,18
2026-07-09,4,16069.17,69,43
2026-07-09,5,11374.88,51,22
2026-07-09,6,25106.37,102,35
2026-07-09,7,29241.0,131,52
2026-07-09,8,34232.22,160,60
2026-07-09,9,56073.9,215,86
2026-07-09,10,61108.68,248,87
2026-07-09,11,52280.92,238,97
2026-07-09,12,25593.76,145,57
2026-07-09,13,31040.94,134,49
2026-07-09,14,40378.37,189,56
2026-07-09,15,48691.21,212,86
2026-07-09,16,50536.96,235,93
2026-07-09,17,51263.37,225,71
2026-07-09,18,42834.67,166,69
2026-07-09,19,32563.28,144,68
2026-07-09,20,47364.06,194,73
2026-07-09,21,40076.89,171,63
2026-07-09,22,29519.41,145,53
2026-07-09,23,23550.69,101,33
2026-07-10,0,10701.97,51,13
2026-07-10,1,10987.85,49,3
2026-07-10,2,12146.99,61,20
2026-07-10,3,23793.32,92,35
2026-07-10,4,17889.15,76,20
2026-07-10,5,22826.82,88,21
2026-07-10,6,24116.95,94,17
2026-07-10,7,20832.07,107,34
2026-07-10,8,43228.6,187,58
2026-07-10,9,50337.52,220,87
2026-07-10,10,47686.23,204,69
2026-07-10,11,58716.0,241,93
2026-07-10,12,47938.26,175,54
2026-07-10,13,43308.01,172,65
2026-07-10,14,51863.79,230,73
2026-07-10,15,40579.65,171,66
2026-07-10,16,41015.11,217,75
2026-07-10,17,51272.21,235,103
2026-07-10,18,37306.5,156,43
2026-07-10,19,30715.36,143,46
2026-07-10,20,33823.62,166,66
2026-07-10,21,29746.75,143,53
2026-07-10,22,33141.52,153,49
2026-07-10,23,13017.14,54,38
2026-07-11,0,3510.21,15,16
2026-07-11,1,9030.49,42,12
2026-07-11,2,14115.76,53,14
2026-07-11,3,8883.17,39,30
2026-07-11,4,15652.44,72,35
2026-07-11,5,19619.62,91,7
2026-07-11,6,16701.87,74,15
2026-07-11,7,24186.21,103,46
2026-07-11,8,29293.2,126,51
2026-07-11,9,43585.2,189,79
2026-07-11,10,39858.77,182,62
2026-07-11,11,51303.73,210,82
2026-07-11,12,31669.79,136,51
2026-07-11,13,25140.97,129,39
2026-07-11,14,33470.97,155,63
2026-07-11,15,41351.17,172,70
2026-07-11,16,42680.44,169,74
2026-07-11,17,45180.28,178,59
2026-07-11,18,25048.79,124,24
2026-07-11,19,27272.98,123,35
2026-07-11,20,32956.07,147,70
2026-07-11,21,36992.13,143,68
2026-07-11,22,26553.03,111,22
2026-07-11,23,19601.98,74,27
2026-07-12,0,10572.56,42,21
2026-07-12,1,9680.76,44,3
2026-07-12,2,14885.02,66,17
2026-07-12,3,11072.45,42,33
2026-07-12,4,11901.46,55,22
2026-07-12,5,21422.37,87,38
2026-07-12,6,19268.62,92,64
2026-07-12,7,14302.1,72,23
2026-07-12,8,24117.41,114,33
2026-07-12,9,35400.07,161,66
2026-07-12,10,41217.32,192,81
2026-07-12,11,40336.58,211,83
2026-07-12,12,24223.87,101,41
2026-07-12,13,41147.93,167,65
2026-07-12,14,42925.26,163,64
2026-07-12,15,39270.49,144,58
2026-07-12,16,41091.58,189,88
2026-07-12,17,36201.39,195,74
2026-07-12,18,26862.1,109,30
2026-07-12,19,34507.49,140,56
2026-07-12,20,33145.31,144,66
2026-07-12,21,30948.5,127,45
2026-07-12,22,20943.06,101,48
2026-07-12,23,9585.62,42,22
2026-07-13,0,5882.08,27,19
2026-07-13,1,10952.88,42,29
2026-07-13,2,20623.74,81,27
2026-07-13,3,9881.51,54,11
2026-07-13,4,23884.28,105,31
2026-07-13,5,17354.01,78,36
2026-07-13,6,16710.01,83,35
2026-07-13,7,20555.13,102,17
2026-07-13,8,32661.46,163,42
2026-07-13,9,55587.19,206,72
2026-07-13,10,61973.69,257,88
2026-07-13,11,52823.54,264,94
2026-07-13,12,35405.55,160,59
2026-07-13,13,34562.33,167,55
2026-07-13,14,40674.02,197,78
2026-07-13,15,48056.3,220,65
2026-07-13,16,46801.54,214,74
2026-07-13,17,71936.7,258,89
2026-07-13,18,37365.87,156,60
2026-07-13,19,38819.64,187,61
2026-07-13,20,31473.02,161,61
2026-07-13,21,34721.19,149,73
2026-07-13,22,30252.37,122,40
2026-07-13,23,15045.36,56,39
2026-07-14,0,9523.3,38,14
2026-07-14,1,13607.07,62,15
2026-07-14,2,9003.3,37,18
2026-07-14,3,9746.64,48,13
2026-07-14,4,14427.13,67,30
2026-07-14,5,20335.36,87,16
2026-07-14,6,23074.41,102,31
2026-07-14,7,23455.55,117,36
2026-07-14,8,42876.18,188,65
2026-07-14,9,45534.48,222,119
2026-07-14,10,51736.91,236,82
2026-07-14,11,55460.15,242,80
2026-07-14,12,31891.81,138,61
2026-07-14,13,37183.54,167,58
2026-07-14,14,44345.2,199,63
2026-07-14,15,36433.83,194,64
2026-07-14,16,60277.67,238,83
2026-07-14,17,51225.02,246,80
2026-07-14,18,42892.12,187,88
2026-07-14,19,36513.0,153,51
2026-07-14,20,32774.59,161,40
2026-07-14,21,34069.51,149,45
2026-07-14,22,27176.96,110,33
2026-07-14,23,17825.71,72,27
2026-07-15,0,9052.92,41,30
2026-07-15,1,8635.4,39,3
2026-07-15,2,17693.63,71,39
2026-07-15,3,8115.64,42,26
2026-07-15,4,22696.71,93,31
2026-07-15,5,14450.44,72,39
2026-07-15,6,18127.03,93,25
2026-07-15,7,32867.22,116,62
2026-07-15,8,38011.99,162,72
2026-07-15,9,50054.93,214,77
2026-07-15,10,54371.13,238,84
2026-07-15,11,52587.2,252,104
2026-07-15,12,40524.99,160,79
2026-07-15,13,42792.01,181,69
2026-07-15,14,40103.27,210,95
2026-07-15,15,41974.43,187,84
2026-07-15,16,45531.13,208,66
2026-07-15,17,47746.67,208,99
2026-07-15,18,36888.54,148,62
2026-07-15,19,35433.44,163,72
2026-07-15,20,36867.97,168,71
2026-07-15,21,36609.85,149,60
2026-07-15,22,22307.23,99,44
2026-07-15,23,20710.51,79,37
