date,product,price_yuan,category,sales_count,revenue_wan
2026-04-16,无线蓝牙耳机 Pro,299,数码,697,20.84
2026-04-16,智能运动手环 X3,199,数码,577,11.48
2026-04-16,便携充电宝 20000mAh,89,数码,530,4.72
2026-04-16,机械键盘 RGB,349,数码,461,16.09
2026-04-16,护眼台灯 智能版,159,家居,412,6.55
2026-04-16,蓝牙音箱 Mini,129,数码,384,4.95
2026-04-16,手机支架 铝合金,39,配件,289,1.13
2026-04-16,Type-C 数据线套装,29,配件,270,0.78
2026-04-16,桌面收纳盒 多层,49,家居,218,1.07
2026-04-16,USB 扩展坞 7合1,199,数码,190,3.78
2026-04-16,不锈钢保温杯 500ml,79,家居,212,1.67
2026-04-16,电动牙刷 声波款,259,家居,158,4.09
2026-04-16,瑜伽垫 防滑加厚,69,运动,190,1.31
2026-04-16,智能体重秤,99,家居,120,1.19
2026-04-16,筋膜枪 迷你款,179,运动,118,2.11
2026-04-17,无线蓝牙耳机 Pro,299,数码,639,19.11
2026-04-17,智能运动手环 X3,199,数码,559,11.12
2026-04-17,便携充电宝 20000mAh,89,数码,530,4.72
2026-04-17,机械键盘 RGB,349,数码,415,14.48
2026-04-17,护眼台灯 智能版,159,家居,350,5.57
2026-04-17,蓝牙音箱 Mini,129,数码,312,4.02
2026-04-17,手机支架 铝合金,39,配件,288,1.12
2026-04-17,Type-C 数据线套装,29,配件,263,0.76
2026-04-17,桌面收纳盒 多层,49,家居,246,1.21
2026-04-17,USB 扩展坞 7合1,199,数码,167,3.32
2026-04-17,不锈钢保温杯 500ml,79,家居,182,1.44
2026-04-17,电动牙刷 声波款,259,家居,151,3.91
2026-04-17,瑜伽垫 防滑加厚,69,运动,127,0.88
2026-04-17,智能体重秤,99,家居,104,1.03
2026-04-17,筋膜枪 迷你款,179,运动,106,1.9
2026-04-18,无线蓝牙耳机 Pro,299,数码,802,23.98
2026-04-18,智能运动手环 X3,199,数码,650,12.94
2026-04-18,便携充电宝 20000mAh,89,数码,545,4.85
2026-04-18,机械键盘 RGB,349,数码,499,17.42
2026-04-18,护眼台灯 智能版,159,家居,499,7.93
2026-04-18,蓝牙音箱 Mini,129,数码,447,5.77
2026-04-18,手机支架 铝合金,39,配件,297,1.16
2026-04-18,Type-C 数据线套装,29,配件,321,0.93
2026-04-18,桌面收纳盒 多层,49,家居,259,1.27
2026-04-18,USB 扩展坞 7合1,199,数码,222,4.42
2026-04-18,不锈钢保温杯 500ml,79,家居,212,1.67
2026-04-18,电动牙刷 声波款,259,家居,177,4.58
2026-04-18,瑜伽垫 防滑加厚,69,运动,177,1.22
2026-04-18,智能体重秤,99,家居,125,1.24
2026-04-18,筋膜枪 迷你款,179,运动,122,2.18
2026-04-19,无线蓝牙耳机 Pro,299,数码,821,24.55
2026-04-19,智能运动手环 X3,199,数码,704,14.01
2026-04-19,便携充电宝 20000mAh,89,数码,622,5.54
2026-04-19,机械键盘 RGB,349,数码,473,16.51
2026-04-19,护眼台灯 智能版,159,家居,458,7.28
2026-04-19,蓝牙音箱 Mini,129,数码,434,5.6
2026-04-19,手机支架 铝合金,39,配件,391,1.52
2026-04-19,Type-C 数据线套装,29,配件,312,0.9
2026-04-19,桌面收纳盒 多层,49,家居,264,1.29
2026-04-19,USB 扩展坞 7合1,199,数码,227,4.52
2026-04-19,不锈钢保温杯 500ml,79,家居,203,1.6
2026-04-19,电动牙刷 声波款,259,家居,176,4.56
2026-04-19,瑜伽垫 防滑加厚,69,运动,189,1.3
2026-04-19,智能体重秤,99,家居,141,1.4
2026-04-19,筋膜枪 迷你款,179,运动,131,2.34
2026-04-20,无线蓝牙耳机 Pro,299,数码,634,18.96
2026-04-20,智能运动手环 X3,199,数码,597,11.88
2026-04-20,便携充电宝 20000mAh,89,数码,487,4.33
2026-04-20,机械键盘 RGB,349,数码,405,14.13
2026-04-20,护眼台灯 智能版,159,家居,366,5.82
2026-04-20,蓝牙音箱 Mini,129,数码,337,4.35
2026-04-20,手机支架 铝合金,39,配件,291,1.13
2026-04-20,Type-C 数据线套装,29,配件,277,0.8
2026-04-20,桌面收纳盒 多层,49,家居,219,1.07
2026-04-20,USB 扩展坞 7合1,199,数码,212,4.22
2026-04-20,不锈钢保温杯 500ml,79,家居,210,1.66
2026-04-20,电动牙刷 声波款,259,家居,140,3.63
2026-04-20,瑜伽垫 防滑加厚,69,运动,151,1.04
2026-04-20,智能体重秤,99,家居,107,1.06
2026-04-20,筋膜枪 迷你款,179,运动,110,1.97
2026-04-21,无线蓝牙耳机 Pro,299,数码,740,22.13
2026-04-21,智能运动手环 X3,199,数码,650,12.94
2026-04-21,便携充电宝 20000mAh,89,数码,571,5.08
2026-04-21,机械键盘 RGB,349,数码,426,14.87
2026-04-21,护眼台灯 智能版,159,家居,392,6.23
2026-04-21,蓝牙音箱 Mini,129,数码,342,4.41
2026-04-21,手机支架 铝合金,39,配件,313,1.22
2026-04-21,Type-C 数据线套装,29,配件,227,0.66
2026-04-21,桌面收纳盒 多层,49,家居,263,1.29
2026-04-21,USB 扩展坞 7合1,199,数码,245,4.88
2026-04-21,不锈钢保温杯 500ml,79,家居,213,1.68
2026-04-21,电动牙刷 声波款,259,家居,149,3.86
2026-04-21,瑜伽垫 防滑加厚,69,运动,159,1.1
2026-04-21,智能体重秤,99,家居,121,1.2
2026-04-21,筋膜枪 迷你款,179,运动,116,2.08
2026-04-22,无线蓝牙耳机 Pro,299,数码,753,22.51
2026-04-22,智能运动手环 X3,199,数码,535,10.65
2026-04-22,便携充电宝 20000mAh,89,数码,540,4.81
2026-04-22,机械键盘 RGB,349,数码,485,16.93
2026-04-22,护眼台灯 智能版,159,家居,453,7.2
2026-04-22,蓝牙音箱 Mini,129,数码,435,5.61
2026-04-22,手机支架 铝合金,39,配件,291,1.13
2026-04-22,Type-C 数据线套装,29,配件,337,0.98
2026-04-22,桌面收纳盒 多层,49,家居,229,1.12
2026-04-22,USB 扩展坞 7合1,199,数码,187,3.72
2026-04-22,不锈钢保温杯 500ml,79,家居,201,1.59
2026-04-22,电动牙刷 声波款,259,家居,149,3.86
2026-04-22,瑜伽垫 防滑加厚,69,运动,162,1.12
2026-04-22,智能体重秤,99,家居,105,1.04
2026-04-22,筋膜枪 迷你款,179,运动,115,2.06
2026-04-23,无线蓝牙耳机 Pro,299,数码,723,21.62
2026-04-23,智能运动手环 X3,199,数码,612,12.18
2026-04-23,便携充电宝 20000mAh,89,数码,544,4.84
2026-04-23,机械键盘 RGB,349,数码,485,16.93
2026-04-23,护眼台灯 智能版,159,家居,350,5.57
2026-04-23,蓝牙音箱 Mini,129,数码,380,4.9
2026-04-23,手机支架 铝合金,39,配件,316,1.23
2026-04-23,Type-C 数据线套装,29,配件,286,0.83
2026-04-23,桌面收纳盒 多层,49,家居,262,1.28
2026-04-23,USB 扩展坞 7合1,199,数码,182,3.62
2026-04-23,不锈钢保温杯 500ml,79,家居,185,1.46
2026-04-23,电动牙刷 声波款,259,家居,136,3.52
2026-04-23,瑜伽垫 防滑加厚,69,运动,154,1.06
2026-04-23,智能体重秤,99,家居,134,1.33
2026-04-23,筋膜枪 迷你款,179,运动,119,2.13
2026-04-24,无线蓝牙耳机 Pro,299,数码,585,17.49
2026-04-24,智能运动手环 X3,199,数码,447,8.9
2026-04-24,便携充电宝 20000mAh,89,数码,400,3.56
2026-04-24,机械键盘 RGB,349,数码,384,13.4
2026-04-24,护眼台灯 智能版,159,家居,306,4.87
2026-04-24,蓝牙音箱 Mini,129,数码,331,4.27
2026-04-24,手机支架 铝合金,39,配件,269,1.05
2026-04-24,Type-C 数据线套装,29,配件,238,0.69
2026-04-24,桌面收纳盒 多层,49,家居,198,0.97
2026-04-24,USB 扩展坞 7合1,199,数码,179,3.56
2026-04-24,不锈钢保温杯 500ml,79,家居,179,1.41
2026-04-24,电动牙刷 声波款,259,家居,139,3.6
2026-04-24,瑜伽垫 防滑加厚,69,运动,141,0.97
2026-04-24,智能体重秤,99,家居,99,0.98
2026-04-24,筋膜枪 迷你款,179,运动,105,1.88
2026-04-25,无线蓝牙耳机 Pro,299,数码,812,24.28
2026-04-25,智能运动手环 X3,199,数码,661,13.15
2026-04-25,便携充电宝 20000mAh,89,数码,564,5.02
2026-04-25,机械键盘 RGB,349,数码,468,16.33
2026-04-25,护眼台灯 智能版,159,家居,467,7.43
2026-04-25,蓝牙音箱 Mini,129,数码,448,5.78
2026-04-25,手机支架 铝合金,39,配件,394,1.54
2026-04-25,Type-C 数据线套装,29,配件,284,0.82
2026-04-25,桌面收纳盒 多层,49,家居,298,1.46
2026-04-25,USB 扩展坞 7合1,199,数码,219,4.36
2026-04-25,不锈钢保温杯 500ml,79,家居,236,1.86
2026-04-25,电动牙刷 声波款,259,家居,167,4.33
2026-04-25,瑜伽垫 防滑加厚,69,运动,182,1.26
2026-04-25,智能体重秤,99,家居,138,1.37
2026-04-25,筋膜枪 迷你款,179,运动,119,2.13
2026-04-26,无线蓝牙耳机 Pro,299,数码,948,28.35
2026-04-26,智能运动手环 X3,199,数码,703,13.99
2026-04-26,便携充电宝 20000mAh,89,数码,685,6.1
2026-04-26,机械键盘 RGB,349,数码,515,17.97
2026-04-26,护眼台灯 智能版,159,家居,508,8.08
2026-04-26,蓝牙音箱 Mini,129,数码,352,4.54
2026-04-26,手机支架 铝合金,39,配件,454,1.77
2026-04-26,Type-C 数据线套装,29,配件,372,1.08
2026-04-26,桌面收纳盒 多层,49,家居,278,1.36
2026-04-26,USB 扩展坞 7合1,199,数码,200,3.98
2026-04-26,不锈钢保温杯 500ml,79,家居,243,1.92
2026-04-26,电动牙刷 声波款,259,家居,168,4.35
2026-04-26,瑜伽垫 防滑加厚,69,运动,197,1.36
2026-04-26,智能体重秤,99,家居,147,1.46
2026-04-26,筋膜枪 迷你款,179,运动,131,2.34
2026-04-27,无线蓝牙耳机 Pro,299,数码,765,22.87
2026-04-27,智能运动手环 X3,199,数码,646,12.86
2026-04-27,便携充电宝 20000mAh,89,数码,519,4.62
2026-04-27,机械键盘 RGB,349,数码,389,13.58
2026-04-27,护眼台灯 智能版,159,家居,430,6.84
2026-04-27,蓝牙音箱 Mini,129,数码,351,4.53
2026-04-27,手机支架 铝合金,39,配件,284,1.11
2026-04-27,Type-C 数据线套装,29,配件,310,0.9
2026-04-27,桌面收纳盒 多层,49,家居,280,1.37
2026-04-27,USB 扩展坞 7合1,199,数码,199,3.96
2026-04-27,不锈钢保温杯 500ml,79,家居,234,1.85
2026-04-27,电动牙刷 声波款,259,家居,161,4.17
2026-04-27,瑜伽垫 防滑加厚,69,运动,155,1.07
2026-04-27,智能体重秤,99,家居,113,1.12
2026-04-27,筋膜枪 迷你款,179,运动,135,2.42
2026-04-28,无线蓝牙耳机 Pro,299,数码,671,20.06
2026-04-28,智能运动手环 X3,199,数码,505,10.05
2026-04-28,便携充电宝 20000mAh,89,数码,441,3.92
2026-04-28,机械键盘 RGB,349,数码,419,14.62
2026-04-28,护眼台灯 智能版,159,家居,341,5.42
2026-04-28,蓝牙音箱 Mini,129,数码,306,3.95
2026-04-28,手机支架 铝合金,39,配件,307,1.2
2026-04-28,Type-C 数据线套装,29,配件,278,0.81
2026-04-28,桌面收纳盒 多层,49,家居,222,1.09
2026-04-28,USB 扩展坞 7合1,199,数码,167,3.32
2026-04-28,不锈钢保温杯 500ml,79,家居,169,1.34
2026-04-28,电动牙刷 声波款,259,家居,141,3.65
2026-04-28,瑜伽垫 防滑加厚,69,运动,144,0.99
2026-04-28,智能体重秤,99,家居,97,0.96
2026-04-28,筋膜枪 迷你款,179,运动,111,1.99
2026-04-29,无线蓝牙耳机 Pro,299,数码,580,17.34
2026-04-29,智能运动手环 X3,199,数码,519,10.33
2026-04-29,便携充电宝 20000mAh,89,数码,466,4.15
2026-04-29,机械键盘 RGB,349,数码,408,14.24
2026-04-29,护眼台灯 智能版,159,家居,430,6.84
2026-04-29,蓝牙音箱 Mini,129,数码,342,4.41
2026-04-29,手机支架 铝合金,39,配件,279,1.09
2026-04-29,Type-C 数据线套装,29,配件,266,0.77
2026-04-29,桌面收纳盒 多层,49,家居,218,1.07
2026-04-29,USB 扩展坞 7合1,199,数码,191,3.8
2026-04-29,不锈钢保温杯 500ml,79,家居,195,1.54
2026-04-29,电动牙刷 声波款,259,家居,164,4.25
2026-04-29,瑜伽垫 防滑加厚,69,运动,149,1.03
2026-04-29,智能体重秤,99,家居,126,1.25
2026-04-29,筋膜枪 迷你款,179,运动,120,2.15
2026-04-30,无线蓝牙耳机 Pro,299,数码,750,22.43
2026-04-30,智能运动手环 X3,199,数码,545,10.85
2026-04-30,便携充电宝 20000mAh,89,数码,429,3.82
2026-04-30,机械键盘 RGB,349,数码,441,15.39
2026-04-30,护眼台灯 智能版,159,家居,413,6.57
2026-04-30,蓝牙音箱 Mini,129,数码,318,4.1
2026-04-30,手机支架 铝合金,39,配件,272,1.06
2026-04-30,Type-C 数据线套装,29,配件,244,0.71
2026-04-30,桌面收纳盒 多层,49,家居,224,1.1
2026-04-30,USB 扩展坞 7合1,199,数码,195,3.88
2026-04-30,不锈钢保温杯 500ml,79,家居,185,1.46
2026-04-30,电动牙刷 声波款,259,家居,142,3.68
2026-04-30,瑜伽垫 防滑加厚,69,运动,158,1.09
2026-04-30,智能体重秤,99,家居,103,1.02
2026-04-30,筋膜枪 迷你款,179,运动,115,2.06
2026-05-01,无线蓝牙耳机 Pro,299,数码,679,20.3
2026-05-01,智能运动手环 X3,199,数码,542,10.79
2026-05-01,便携充电宝 20000mAh,89,数码,472,4.2
2026-05-01,机械键盘 RGB,349,数码,389,13.58
2026-05-01,护眼台灯 智能版,159,家居,403,6.41
2026-05-01,蓝牙音箱 Mini,129,数码,308,3.97
2026-05-01,手机支架 铝合金,39,配件,274,1.07
2026-05-01,Type-C 数据线套装,29,配件,298,0.86
2026-05-01,桌面收纳盒 多层,49,家居,235,1.15
2026-05-01,USB 扩展坞 7合1,199,数码,147,2.93
2026-05-01,不锈钢保温杯 500ml,79,家居,174,1.37
2026-05-01,电动牙刷 声波款,259,家居,124,3.21
2026-05-01,瑜伽垫 防滑加厚,69,运动,134,0.92
2026-05-01,智能体重秤,99,家居,81,0.8
2026-05-01,筋膜枪 迷你款,179,运动,108,1.93
2026-05-02,无线蓝牙耳机 Pro,299,数码,777,23.23
2026-05-02,智能运动手环 X3,199,数码,561,11.16
2026-05-02,便携充电宝 20000mAh,89,数码,562,5.0
2026-05-02,机械键盘 RGB,349,数码,457,15.95
2026-05-02,护眼台灯 智能版,159,家居,481,7.65
2026-05-02,蓝牙音箱 Mini,129,数码,430,5.55
2026-05-02,手机支架 铝合金,39,配件,365,1.42
2026-05-02,Type-C 数据线套装,29,配件,293,0.85
2026-05-02,桌面收纳盒 多层,49,家居,299,1.47
2026-05-02,USB 扩展坞 7合1,199,数码,188,3.74
2026-05-02,不锈钢保温杯 500ml,79,家居,190,1.5
2026-05-02,电动牙刷 声波款,259,家居,170,4.4
2026-05-02,瑜伽垫 防滑加厚,69,运动,203,1.4
2026-05-02,智能体重秤,99,家居,126,1.25
2026-05-02,筋膜枪 迷你款,179,运动,127,2.27
2026-05-03,无线蓝牙耳机 Pro,299,数码,817,24.43
2026-05-03,智能运动手环 X3,199,数码,681,13.55
2026-05-03,便携充电宝 20000mAh,89,数码,583,5.19
2026-05-03,机械键盘 RGB,349,数码,441,15.39
2026-05-03,护眼台灯 智能版,159,家居,398,6.33
2026-05-03,蓝牙音箱 Mini,129,数码,340,4.39
2026-05-03,手机支架 铝合金,39,配件,340,1.33
2026-05-03,Type-C 数据线套装,29,配件,270,0.78
2026-05-03,桌面收纳盒 多层,49,家居,229,1.12
2026-05-03,USB 扩展坞 7合1,199,数码,204,4.06
2026-05-03,不锈钢保温杯 500ml,79,家居,202,1.6
2026-05-03,电动牙刷 声波款,259,家居,161,4.17
2026-05-03,瑜伽垫 防滑加厚,69,运动,175,1.21
2026-05-03,智能体重秤,99,家居,127,1.26
2026-05-03,筋膜枪 迷你款,179,运动,123,2.2
2026-05-04,无线蓝牙耳机 Pro,299,数码,623,18.63
2026-05-04,智能运动手环 X3,199,数码,569,11.32
2026-05-04,便携充电宝 20000mAh,89,数码,495,4.41
2026-05-04,机械键盘 RGB,349,数码,364,12.7
2026-05-04,护眼台灯 智能版,159,家居,406,6.46
2026-05-04,蓝牙音箱 Mini,129,数码,314,4.05
2026-05-04,手机支架 铝合金,39,配件,303,1.18
2026-05-04,Type-C 数据线套装,29,配件,287,0.83
2026-05-04,桌面收纳盒 多层,49,家居,242,1.19
2026-05-04,USB 扩展坞 7合1,199,数码,188,3.74
2026-05-04,不锈钢保温杯 500ml,79,家居,182,1.44
2026-05-04,电动牙刷 声波款,259,家居,161,4.17
2026-05-04,瑜伽垫 防滑加厚,69,运动,158,1.09
2026-05-04,智能体重秤,99,家居,107,1.06
2026-05-04,筋膜枪 迷你款,179,运动,105,1.88
2026-05-05,无线蓝牙耳机 Pro,299,数码,584,17.46
2026-05-05,智能运动手环 X3,199,数码,477,9.49
2026-05-05,便携充电宝 20000mAh,89,数码,454,4.04
2026-05-05,机械键盘 RGB,349,数码,362,12.63
2026-05-05,护眼台灯 智能版,159,家居,354,5.63
2026-05-05,蓝牙音箱 Mini,129,数码,272,3.51
2026-05-05,手机支架 铝合金,39,配件,279,1.09
2026-05-05,Type-C 数据线套装,29,配件,214,0.62
2026-05-05,桌面收纳盒 多层,49,家居,204,1.0
2026-05-05,USB 扩展坞 7合1,199,数码,141,2.81
2026-05-05,不锈钢保温杯 500ml,79,家居,163,1.29
2026-05-05,电动牙刷 声波款,259,家居,107,2.77
2026-05-05,瑜伽垫 防滑加厚,69,运动,125,0.86
2026-05-05,智能体重秤,99,家居,99,0.98
2026-05-05,筋膜枪 迷你款,179,运动,92,1.65
2026-05-06,无线蓝牙耳机 Pro,299,数码,664,19.85
2026-05-06,智能运动手环 X3,199,数码,514,10.23
2026-05-06,便携充电宝 20000mAh,89,数码,431,3.84
2026-05-06,机械键盘 RGB,349,数码,381,13.3
2026-05-06,护眼台灯 智能版,159,家居,418,6.65
2026-05-06,蓝牙音箱 Mini,129,数码,339,4.37
2026-05-06,手机支架 铝合金,39,配件,302,1.18
2026-05-06,Type-C 数据线套装,29,配件,250,0.72
2026-05-06,桌面收纳盒 多层,49,家居,210,1.03
2026-05-06,USB 扩展坞 7合1,199,数码,139,2.77
2026-05-06,不锈钢保温杯 500ml,79,家居,163,1.29
2026-05-06,电动牙刷 声波款,259,家居,132,3.42
2026-05-06,瑜伽垫 防滑加厚,69,运动,117,0.81
2026-05-06,智能体重秤,99,家居,94,0.93
2026-05-06,筋膜枪 迷你款,179,运动,87,1.56
2026-05-07,无线蓝牙耳机 Pro,299,数码,711,21.26
2026-05-07,智能运动手环 X3,199,数码,605,12.04
2026-05-07,便携充电宝 20000mAh,89,数码,498,4.43
2026-05-07,机械键盘 RGB,349,数码,376,13.12
2026-05-07,护眼台灯 智能版,159,家居,313,4.98
2026-05-07,蓝牙音箱 Mini,129,数码,286,3.69
2026-05-07,手机支架 铝合金,39,配件,266,1.04
2026-05-07,Type-C 数据线套装,29,配件,241,0.7
2026-05-07,桌面收纳盒 多层,49,家居,219,1.07
2026-05-07,USB 扩展坞 7合1,199,数码,170,3.38
2026-05-07,不锈钢保温杯 500ml,79,家居,190,1.5
2026-05-07,电动牙刷 声波款,259,家居,145,3.76
2026-05-07,瑜伽垫 防滑加厚,69,运动,148,1.02
2026-05-07,智能体重秤,99,家居,121,1.2
2026-05-07,筋膜枪 迷你款,179,运动,100,1.79
2026-05-08,无线蓝牙耳机 Pro,299,数码,687,20.54
2026-05-08,智能运动手环 X3,199,数码,558,11.1
2026-05-08,便携充电宝 20000mAh,89,数码,532,4.73
2026-05-08,机械键盘 RGB,349,数码,450,15.71
2026-05-08,护眼台灯 智能版,159,家居,353,5.61
2026-05-08,蓝牙音箱 Mini,129,数码,338,4.36
2026-05-08,手机支架 铝合金,39,配件,312,1.22
2026-05-08,Type-C 数据线套装,29,配件,261,0.76
2026-05-08,桌面收纳盒 多层,49,家居,240,1.18
2026-05-08,USB 扩展坞 7合1,199,数码,195,3.88
2026-05-08,不锈钢保温杯 500ml,79,家居,219,1.73
2026-05-08,电动牙刷 声波款,259,家居,134,3.47
2026-05-08,瑜伽垫 防滑加厚,69,运动,151,1.04
2026-05-08,智能体重秤,99,家居,106,1.05
2026-05-08,筋膜枪 迷你款,179,运动,120,2.15
2026-05-09,无线蓝牙耳机 Pro,299,数码,772,23.08
2026-05-09,智能运动手环 X3,199,数码,595,11.84
2026-05-09,便携充电宝 20000mAh,89,数码,511,4.55
2026-05-09,机械键盘 RGB,349,数码,406,14.17
2026-05-09,护眼台灯 智能版,159,家居,402,6.39
2026-05-09,蓝牙音箱 Mini,129,数码,408,5.26
2026-05-09,手机支架 铝合金,39,配件,333,1.3
2026-05-09,Type-C 数据线套装,29,配件,307,0.89
2026-05-09,桌面收纳盒 多层,49,家居,284,1.39
2026-05-09,USB 扩展坞 7合1,199,数码,213,4.24
2026-05-09,不锈钢保温杯 500ml,79,家居,199,1.57
2026-05-09,电动牙刷 声波款,259,家居,173,4.48
2026-05-09,瑜伽垫 防滑加厚,69,运动,159,1.1
2026-05-09,智能体重秤,99,家居,120,1.19
2026-05-09,筋膜枪 迷你款,179,运动,110,1.97
2026-05-10,无线蓝牙耳机 Pro,299,数码,844,25.24
2026-05-10,智能运动手环 X3,199,数码,736,14.65
2026-05-10,便携充电宝 20000mAh,89,数码,576,5.13
2026-05-10,机械键盘 RGB,349,数码,550,19.2
2026-05-10,护眼台灯 智能版,159,家居,454,7.22
2026-05-10,蓝牙音箱 Mini,129,数码,430,5.55
2026-05-10,手机支架 铝合金,39,配件,414,1.61
2026-05-10,Type-C 数据线套装,29,配件,360,1.04
2026-05-10,桌面收纳盒 多层,49,家居,289,1.42
2026-05-10,USB 扩展坞 7合1,199,数码,207,4.12
2026-05-10,不锈钢保温杯 500ml,79,家居,299,2.36
2026-05-10,电动牙刷 声波款,259,家居,220,5.7
2026-05-10,瑜伽垫 防滑加厚,69,运动,204,1.41
2026-05-10,智能体重秤,99,家居,136,1.35
2026-05-10,筋膜枪 迷你款,179,运动,143,2.56
2026-05-11,无线蓝牙耳机 Pro,299,数码,710,21.23
2026-05-11,智能运动手环 X3,199,数码,548,10.91
2026-05-11,便携充电宝 20000mAh,89,数码,436,3.88
2026-05-11,机械键盘 RGB,349,数码,379,13.23
2026-05-11,护眼台灯 智能版,159,家居,390,6.2
2026-05-11,蓝牙音箱 Mini,129,数码,363,4.68
2026-05-11,手机支架 铝合金,39,配件,321,1.25
2026-05-11,Type-C 数据线套装,29,配件,266,0.77
2026-05-11,桌面收纳盒 多层,49,家居,210,1.03
2026-05-11,USB 扩展坞 7合1,199,数码,132,2.63
2026-05-11,不锈钢保温杯 500ml,79,家居,183,1.45
2026-05-11,电动牙刷 声波款,259,家居,143,3.7
2026-05-11,瑜伽垫 防滑加厚,69,运动,144,0.99
2026-05-11,智能体重秤,99,家居,107,1.06
2026-05-11,筋膜枪 迷你款,179,运动,96,1.72
2026-05-12,无线蓝牙耳机 Pro,299,数码,729,21.8
2026-05-12,智能运动手环 X3,199,数码,610,12.14
2026-05-12,便携充电宝 20000mAh,89,数码,539,4.8
2026-05-12,机械键盘 RGB,349,数码,444,15.5
2026-05-12,护眼台灯 智能版,159,家居,373,5.93
2026-05-12,蓝牙音箱 Mini,129,数码,345,4.45
2026-05-12,手机支架 铝合金,39,配件,310,1.21
2026-05-12,Type-C 数据线套装,29,配件,272,0.79
2026-05-12,桌面收纳盒 多层,49,家居,249,1.22
2026-05-12,USB 扩展坞 7合1,199,数码,202,4.02
2026-05-12,不锈钢保温杯 500ml,79,家居,224,1.77
2026-05-12,电动牙刷 声波款,259,家居,181,4.69
2026-05-12,瑜伽垫 防滑加厚,69,运动,155,1.07
2026-05-12,智能体重秤,99,家居,80,0.79
2026-05-12,筋膜枪 迷你款,179,运动,127,2.27
2026-05-13,无线蓝牙耳机 Pro,299,数码,603,18.03
2026-05-13,智能运动手环 X3,199,数码,520,10.35
2026-05-13,便携充电宝 20000mAh,89,数码,449,4.0
2026-05-13,机械键盘 RGB,349,数码,413,14.41
2026-05-13,护眼台灯 智能版,159,家居,313,4.98
2026-05-13,蓝牙音箱 Mini,129,数码,294,3.79
2026-05-13,手机支架 铝合金,39,配件,294,1.15
2026-05-13,Type-C 数据线套装,29,配件,263,0.76
2026-05-13,桌面收纳盒 多层,49,家居,226,1.11
2026-05-13,USB 扩展坞 7合1,199,数码,167,3.32
2026-05-13,不锈钢保温杯 500ml,79,家居,165,1.3
2026-05-13,电动牙刷 声波款,259,家居,137,3.55
2026-05-13,瑜伽垫 防滑加厚,69,运动,146,1.01
2026-05-13,智能体重秤,99,家居,120,1.19
2026-05-13,筋膜枪 迷你款,179,运动,89,1.59
2026-05-14,无线蓝牙耳机 Pro,299,数码,589,17.61
2026-05-14,智能运动手环 X3,199,数码,476,9.47
2026-05-14,便携充电宝 20000mAh,89,数码,513,4.57
2026-05-14,机械键盘 RGB,349,数码,420,14.66
2026-05-14,护眼台灯 智能版,159,家居,379,6.03
2026-05-14,蓝牙音箱 Mini,129,数码,354,4.57
2026-05-14,手机支架 铝合金,39,配件,281,1.1
2026-05-14,Type-C 数据线套装,29,配件,247,0.72
2026-05-14,桌面收纳盒 多层,49,家居,258,1.26
2026-05-14,USB 扩展坞 7合1,199,数码,179,3.56
2026-05-14,不锈钢保温杯 500ml,79,家居,193,1.52
2026-05-14,电动牙刷 声波款,259,家居,146,3.78
2026-05-14,瑜伽垫 防滑加厚,69,运动,124,0.86
2026-05-14,智能体重秤,99,家居,91,0.9
2026-05-14,筋膜枪 迷你款,179,运动,104,1.86
2026-05-15,无线蓝牙耳机 Pro,299,数码,761,22.75
2026-05-15,智能运动手环 X3,199,数码,640,12.74
2026-05-15,便携充电宝 20000mAh,89,数码,476,4.24
2026-05-15,机械键盘 RGB,349,数码,494,17.24
2026-05-15,护眼台灯 智能版,159,家居,367,5.84
2026-05-15,蓝牙音箱 Mini,129,数码,364,4.7
2026-05-15,手机支架 铝合金,39,配件,318,1.24
2026-05-15,Type-C 数据线套装,29,配件,274,0.79
2026-05-15,桌面收纳盒 多层,49,家居,264,1.29
2026-05-15,USB 扩展坞 7合1,199,数码,187,3.72
2026-05-15,不锈钢保温杯 500ml,79,家居,177,1.4
2026-05-15,电动牙刷 声波款,259,家居,159,4.12
2026-05-15,瑜伽垫 防滑加厚,69,运动,154,1.06
2026-05-15,智能体重秤,99,家居,151,1.49
2026-05-15,筋膜枪 迷你款,179,运动,125,2.24
2026-05-16,无线蓝牙耳机 Pro,299,数码,740,22.13
2026-05-16,智能运动手环 X3,199,数码,572,11.38
2026-05-16,便携充电宝 20000mAh,89,数码,536,4.77
2026-05-16,机械键盘 RGB,349,数码,498,17.38
2026-05-16,护眼台灯 智能版,159,家居,500,7.95
2026-05-16,蓝牙音箱 Mini,129,数码,440,5.68
2026-05-16,手机支架 铝合金,39,配件,365,1.42
2026-05-16,Type-C 数据线套装,29,配件,306,0.89
2026-05-16,桌面收纳盒 多层,49,家居,275,1.35
2026-05-16,USB 扩展坞 7合1,199,数码,215,4.28
2026-05-16,不锈钢保温杯 500ml,79,家居,255,2.01
2026-05-16,电动牙刷 声波款,259,家居,176,4.56
2026-05-16,瑜伽垫 防滑加厚,69,运动,178,1.23
2026-05-16,智能体重秤,99,家居,110,1.09
2026-05-16,筋膜枪 迷你款,179,运动,132,2.36
2026-05-17,无线蓝牙耳机 Pro,299,数码,792,23.68
2026-05-17,智能运动手环 X3,199,数码,679,13.51
2026-05-17,便携充电宝 20000mAh,89,数码,665,5.92
2026-05-17,机械键盘 RGB,349,数码,467,16.3
2026-05-17,护眼台灯 智能版,159,家居,522,8.3
2026-05-17,蓝牙音箱 Mini,129,数码,414,5.34
2026-05-17,手机支架 铝合金,39,配件,373,1.45
2026-05-17,Type-C 数据线套装,29,配件,306,0.89
2026-05-17,桌面收纳盒 多层,49,家居,297,1.46
2026-05-17,USB 扩展坞 7合1,199,数码,288,5.73
2026-05-17,不锈钢保温杯 500ml,79,家居,255,2.01
2026-05-17,电动牙刷 声波款,259,家居,179,4.64
2026-05-17,瑜伽垫 防滑加厚,69,运动,210,1.45
2026-05-17,智能体重秤,99,家居,140,1.39
2026-05-17,筋膜枪 迷你款,179,运动,160,2.86
2026-05-18,无线蓝牙耳机 Pro,299,数码,539,16.12
2026-05-18,智能运动手环 X3,199,数码,540,10.75
2026-05-18,便携充电宝 20000mAh,89,数码,547,4.87
2026-05-18,机械键盘 RGB,349,数码,436,15.22
2026-05-18,护眼台灯 智能版,159,家居,359,5.71
2026-05-18,蓝牙音箱 Mini,129,数码,334,4.31
2026-05-18,手机支架 铝合金,39,配件,265,1.03
2026-05-18,Type-C 数据线套装,29,配件,272,0.79
2026-05-18,桌面收纳盒 多层,49,家居,276,1.35
2026-05-18,USB 扩展坞 7合1,199,数码,208,4.14
2026-05-18,不锈钢保温杯 500ml,79,家居,230,1.82
2026-05-18,电动牙刷 声波款,259,家居,167,4.33
2026-05-18,瑜伽垫 防滑加厚,69,运动,169,1.17
2026-05-18,智能体重秤,99,家居,136,1.35
2026-05-18,筋膜枪 迷你款,179,运动,121,2.17
2026-05-19,无线蓝牙耳机 Pro,299,数码,715,21.38
2026-05-19,智能运动手环 X3,199,数码,614,12.22
2026-05-19,便携充电宝 20000mAh,89,数码,459,4.09
2026-05-19,机械键盘 RGB,349,数码,380,13.26
2026-05-19,护眼台灯 智能版,159,家居,371,5.9
2026-05-19,蓝牙音箱 Mini,129,数码,352,4.54
2026-05-19,手机支架 铝合金,39,配件,312,1.22
2026-05-19,Type-C 数据线套装,29,配件,227,0.66
2026-05-19,桌面收纳盒 多层,49,家居,254,1.24
2026-05-19,USB 扩展坞 7合1,199,数码,174,3.46
2026-05-19,不锈钢保温杯 500ml,79,家居,179,1.41
2026-05-19,电动牙刷 声波款,259,家居,136,3.52
2026-05-19,瑜伽垫 防滑加厚,69,运动,178,1.23
2026-05-19,智能体重秤,99,家居,112,1.11
2026-05-19,筋膜枪 迷你款,179,运动,102,1.83
2026-05-20,无线蓝牙耳机 Pro,299,数码,751,22.45
2026-05-20,智能运动手环 X3,199,数码,581,11.56
2026-05-20,便携充电宝 20000mAh,89,数码,545,4.85
2026-05-20,机械键盘 RGB,349,数码,404,14.1
2026-05-20,护眼台灯 智能版,159,家居,377,5.99
2026-05-20,蓝牙音箱 Mini,129,数码,297,3.83
2026-05-20,手机支架 铝合金,39,配件,281,1.1
2026-05-20,Type-C 数据线套装,29,配件,315,0.91
2026-05-20,桌面收纳盒 多层,49,家居,266,1.3
2026-05-20,USB 扩展坞 7合1,199,数码,197,3.92
2026-05-20,不锈钢保温杯 500ml,79,家居,222,1.75
2026-05-20,电动牙刷 声波款,259,家居,155,4.01
2026-05-20,瑜伽垫 防滑加厚,69,运动,154,1.06
2026-05-20,智能体重秤,99,家居,118,1.17
2026-05-20,筋膜枪 迷你款,179,运动,116,2.08
2026-05-21,无线蓝牙耳机 Pro,299,数码,720,21.53
2026-05-21,智能运动手环 X3,199,数码,556,11.06
2026-05-21,便携充电宝 20000mAh,89,数码,503,4.48
2026-05-21,机械键盘 RGB,349,数码,436,15.22
2026-05-21,护眼台灯 智能版,159,家居,377,5.99
2026-05-21,蓝牙音箱 Mini,129,数码,304,3.92
2026-05-21,手机支架 铝合金,39,配件,261,1.02
2026-05-21,Type-C 数据线套装,29,配件,259,0.75
2026-05-21,桌面收纳盒 多层,49,家居,216,1.06
2026-05-21,USB 扩展坞 7合1,199,数码,184,3.66
2026-05-21,不锈钢保温杯 500ml,79,家居,183,1.45
2026-05-21,电动牙刷 声波款,259,家居,176,4.56
2026-05-21,瑜伽垫 防滑加厚,69,运动,131,0.9
2026-05-21,智能体重秤,99,家居,92,0.91
2026-05-21,筋膜枪 迷你款,179,运动,112,2.0
2026-05-22,无线蓝牙耳机 Pro,299,数码,669,20.0
2026-05-22,智能运动手环 X3,199,数码,569,11.32
2026-05-22,便携充电宝 20000mAh,89,数码,519,4.62
2026-05-22,机械键盘 RGB,349,数码,350,12.21
2026-05-22,护眼台灯 智能版,159,家居,346,5.5
2026-05-22,蓝牙音箱 Mini,129,数码,337,4.35
2026-05-22,手机支架 铝合金,39,配件,307,1.2
2026-05-22,Type-C 数据线套装,29,配件,298,0.86
2026-05-22,桌面收纳盒 多层,49,家居,234,1.15
2026-05-22,USB 扩展坞 7合1,199,数码,180,3.58
2026-05-22,不锈钢保温杯 500ml,79,家居,168,1.33
2026-05-22,电动牙刷 声波款,259,家居,138,3.57
2026-05-22,瑜伽垫 防滑加厚,69,运动,138,0.95
2026-05-22,智能体重秤,99,家居,114,1.13
2026-05-22,筋膜枪 迷你款,179,运动,111,1.99
2026-05-23,无线蓝牙耳机 Pro,299,数码,738,22.07
2026-05-23,智能运动手环 X3,199,数码,682,13.57
2026-05-23,便携充电宝 20000mAh,89,数码,568,5.06
2026-05-23,机械键盘 RGB,349,数码,489,17.07
2026-05-23,护眼台灯 智能版,159,家居,438,6.96
2026-05-23,蓝牙音箱 Mini,129,数码,432,5.57
2026-05-23,手机支架 铝合金,39,配件,346,1.35
2026-05-23,Type-C 数据线套装,29,配件,288,0.84
2026-05-23,桌面收纳盒 多层,49,家居,236,1.16
2026-05-23,USB 扩展坞 7合1,199,数码,216,4.3
2026-05-23,不锈钢保温杯 500ml,79,家居,171,1.35
2026-05-23,电动牙刷 声波款,259,家居,167,4.33
2026-05-23,瑜伽垫 防滑加厚,69,运动,167,1.15
2026-05-23,智能体重秤,99,家居,113,1.12
2026-05-23,筋膜枪 迷你款,179,运动,118,2.11
2026-05-24,无线蓝牙耳机 Pro,299,数码,881,26.34
2026-05-24,智能运动手环 X3,199,数码,727,14.47
2026-05-24,便携充电宝 20000mAh,89,数码,640,5.7
2026-05-24,机械键盘 RGB,349,数码,532,18.57
2026-05-24,护眼台灯 智能版,159,家居,528,8.4
2026-05-24,蓝牙音箱 Mini,129,数码,437,5.64
2026-05-24,手机支架 铝合金,39,配件,339,1.32
2026-05-24,Type-C 数据线套装,29,配件,380,1.1
2026-05-24,桌面收纳盒 多层,49,家居,297,1.46
2026-05-24,USB 扩展坞 7合1,199,数码,229,4.56
2026-05-24,不锈钢保温杯 500ml,79,家居,216,1.71
2026-05-24,电动牙刷 声波款,259,家居,198,5.13
2026-05-24,瑜伽垫 防滑加厚,69,运动,190,1.31
2026-05-24,智能体重秤,99,家居,162,1.6
2026-05-24,筋膜枪 迷你款,179,运动,140,2.51
2026-05-25,无线蓝牙耳机 Pro,299,数码,677,20.24
2026-05-25,智能运动手环 X3,199,数码,565,11.24
2026-05-25,便携充电宝 20000mAh,89,数码,462,4.11
2026-05-25,机械键盘 RGB,349,数码,407,14.2
2026-05-25,护眼台灯 智能版,159,家居,350,5.57
2026-05-25,蓝牙音箱 Mini,129,数码,321,4.14
2026-05-25,手机支架 铝合金,39,配件,307,1.2
2026-05-25,Type-C 数据线套装,29,配件,258,0.75
2026-05-25,桌面收纳盒 多层,49,家居,207,1.01
2026-05-25,USB 扩展坞 7合1,199,数码,194,3.86
2026-05-25,不锈钢保温杯 500ml,79,家居,142,1.12
2026-05-25,电动牙刷 声波款,259,家居,163,4.22
2026-05-25,瑜伽垫 防滑加厚,69,运动,121,0.83
2026-05-25,智能体重秤,99,家居,100,0.99
2026-05-25,筋膜枪 迷你款,179,运动,104,1.86
2026-05-26,无线蓝牙耳机 Pro,299,数码,716,21.41
2026-05-26,智能运动手环 X3,199,数码,505,10.05
2026-05-26,便携充电宝 20000mAh,89,数码,488,4.34
2026-05-26,机械键盘 RGB,349,数码,386,13.47
2026-05-26,护眼台灯 智能版,159,家居,376,5.98
2026-05-26,蓝牙音箱 Mini,129,数码,329,4.24
2026-05-26,手机支架 铝合金,39,配件,296,1.15
2026-05-26,Type-C 数据线套装,29,配件,246,0.71
2026-05-26,桌面收纳盒 多层,49,家居,211,1.03
2026-05-26,USB 扩展坞 7合1,199,数码,188,3.74
2026-05-26,不锈钢保温杯 500ml,79,家居,198,1.56
2026-05-26,电动牙刷 声波款,259,家居,140,3.63
2026-05-26,瑜伽垫 防滑加厚,69,运动,137,0.95
2026-05-26,智能体重秤,99,家居,115,1.14
2026-05-26,筋膜枪 迷你款,179,运动,110,1.97
2026-05-27,无线蓝牙耳机 Pro,299,数码,655,19.58
2026-05-27,智能运动手环 X3,199,数码,504,10.03
2026-05-27,便携充电宝 20000mAh,89,数码,488,4.34
2026-05-27,机械键盘 RGB,349,数码,405,14.13
2026-05-27,护眼台灯 智能版,159,家居,390,6.2
2026-05-27,蓝牙音箱 Mini,129,数码,335,4.32
2026-05-27,手机支架 铝合金,39,配件,332,1.29
2026-05-27,Type-C 数据线套装,29,配件,268,0.78
2026-05-27,桌面收纳盒 多层,49,家居,238,1.17
2026-05-27,USB 扩展坞 7合1,199,数码,198,3.94
2026-05-27,不锈钢保温杯 500ml,79,家居,199,1.57
2026-05-27,电动牙刷 声波款,259,家居,156,4.04
2026-05-27,瑜伽垫 防滑加厚,69,运动,163,1.12
2026-05-27,智能体重秤,99,家居,110,1.09
2026-05-27,筋膜枪 迷你款,179,运动,130,2.33
2026-05-28,无线蓝牙耳机 Pro,299,数码,589,17.61
2026-05-28,智能运动手环 X3,199,数码,557,11.08
2026-05-28,便携充电宝 20000mAh,89,数码,443,3.94
2026-05-28,机械键盘 RGB,349,数码,424,14.8
2026-05-28,护眼台灯 智能版,159,家居,430,6.84
2026-05-28,蓝牙音箱 Mini,129,数码,308,3.97
2026-05-28,手机支架 铝合金,39,配件,300,1.17
2026-05-28,Type-C 数据线套装,29,配件,220,0.64
2026-05-28,桌面收纳盒 多层,49,家居,227,1.11
2026-05-28,USB 扩展坞 7合1,199,数码,170,3.38
2026-05-28,不锈钢保温杯 500ml,79,家居,173,1.37
2026-05-28,电动牙刷 声波款,259,家居,133,3.44
2026-05-28,瑜伽垫 防滑加厚,69,运动,154,1.06
2026-05-28,智能体重秤,99,家居,118,1.17
2026-05-28,筋膜枪 迷你款,179,运动,110,1.97
2026-05-29,无线蓝牙耳机 Pro,299,数码,710,21.23
2026-05-29,智能运动手环 X3,199,数码,494,9.83
2026-05-29,便携充电宝 20000mAh,89,数码,376,3.35
2026-05-29,机械键盘 RGB,349,数码,399,13.93
2026-05-29,护眼台灯 智能版,159,家居,319,5.07
2026-05-29,蓝牙音箱 Mini,129,数码,340,4.39
2026-05-29,手机支架 铝合金,39,配件,271,1.06
2026-05-29,Type-C 数据线套装,29,配件,257,0.75
2026-05-29,桌面收纳盒 多层,49,家居,233,1.14
2026-05-29,USB 扩展坞 7合1,199,数码,158,3.14
2026-05-29,不锈钢保温杯 500ml,79,家居,167,1.32
2026-05-29,电动牙刷 声波款,259,家居,139,3.6
2026-05-29,瑜伽垫 防滑加厚,69,运动,157,1.08
2026-05-29,智能体重秤,99,家居,99,0.98
2026-05-29,筋膜枪 迷你款,179,运动,100,1.79
2026-05-30,无线蓝牙耳机 Pro,299,数码,810,24.22
2026-05-30,智能运动手环 X3,199,数码,717,14.27
2026-05-30,便携充电宝 20000mAh,89,数码,537,4.78
2026-05-30,机械键盘 RGB,349,数码,611,21.32
2026-05-30,护眼台灯 智能版,159,家居,421,6.69
2026-05-30,蓝牙音箱 Mini,129,数码,414,5.34
2026-05-30,手机支架 铝合金,39,配件,376,1.47
2026-05-30,Type-C 数据线套装,29,配件,381,1.1
2026-05-30,桌面收纳盒 多层,49,家居,253,1.24
2026-05-30,USB 扩展坞 7合1,199,数码,273,5.43
2026-05-30,不锈钢保温杯 500ml,79,家居,250,1.98
2026-05-30,电动牙刷 声波款,259,家居,195,5.05
2026-05-30,瑜伽垫 防滑加厚,69,运动,174,1.2
2026-05-30,智能体重秤,99,家居,148,1.47
2026-05-30,筋膜枪 迷你款,179,运动,133,2.38
2026-05-31,无线蓝牙耳机 Pro,299,数码,818,24.46
2026-05-31,智能运动手环 X3,199,数码,732,14.57
2026-05-31,便携充电宝 20000mAh,89,数码,612,5.45
2026-05-31,机械键盘 RGB,349,数码,499,17.42
2026-05-31,护眼台灯 智能版,159,家居,522,8.3
2026-05-31,蓝牙音箱 Mini,129,数码,462,5.96
2026-05-31,手机支架 铝合金,39,配件,432,1.68
2026-05-31,Type-C 数据线套装,29,配件,295,0.86
2026-05-31,桌面收纳盒 多层,49,家居,320,1.57
2026-05-31,USB 扩展坞 7合1,199,数码,295,5.87
2026-05-31,不锈钢保温杯 500ml,79,家居,237,1.87
2026-05-31,电动牙刷 声波款,259,家居,227,5.88
2026-05-31,瑜伽垫 防滑加厚,69,运动,192,1.32
2026-05-31,智能体重秤,99,家居,131,1.3
2026-05-31,筋膜枪 迷你款,179,运动,144,2.58
2026-06-01,无线蓝牙耳机 Pro,299,数码,668,19.97
2026-06-01,智能运动手环 X3,199,数码,568,11.3
2026-06-01,便携充电宝 20000mAh,89,数码,541,4.81
2026-06-01,机械键盘 RGB,349,数码,437,15.25
2026-06-01,护眼台灯 智能版,159,家居,416,6.61
2026-06-01,蓝牙音箱 Mini,129,数码,364,4.7
2026-06-01,手机支架 铝合金,39,配件,330,1.29
2026-06-01,Type-C 数据线套装,29,配件,268,0.78
2026-06-01,桌面收纳盒 多层,49,家居,243,1.19
2026-06-01,USB 扩展坞 7合1,199,数码,184,3.66
2026-06-01,不锈钢保温杯 500ml,79,家居,219,1.73
2026-06-01,电动牙刷 声波款,259,家居,151,3.91
2026-06-01,瑜伽垫 防滑加厚,69,运动,173,1.19
2026-06-01,智能体重秤,99,家居,117,1.16
2026-06-01,筋膜枪 迷你款,179,运动,121,2.17
2026-06-02,无线蓝牙耳机 Pro,299,数码,594,17.76
2026-06-02,智能运动手环 X3,199,数码,464,9.23
2026-06-02,便携充电宝 20000mAh,89,数码,427,3.8
2026-06-02,机械键盘 RGB,349,数码,385,13.44
2026-06-02,护眼台灯 智能版,159,家居,365,5.8
2026-06-02,蓝牙音箱 Mini,129,数码,349,4.5
2026-06-02,手机支架 铝合金,39,配件,277,1.08
2026-06-02,Type-C 数据线套装,29,配件,233,0.68
2026-06-02,桌面收纳盒 多层,49,家居,190,0.93
2026-06-02,USB 扩展坞 7合1,199,数码,186,3.7
2026-06-02,不锈钢保温杯 500ml,79,家居,199,1.57
2026-06-02,电动牙刷 声波款,259,家居,158,4.09
2026-06-02,瑜伽垫 防滑加厚,69,运动,152,1.05
2026-06-02,智能体重秤,99,家居,113,1.12
2026-06-02,筋膜枪 迷你款,179,运动,122,2.18
2026-06-03,无线蓝牙耳机 Pro,299,数码,719,21.5
2026-06-03,智能运动手环 X3,199,数码,555,11.04
2026-06-03,便携充电宝 20000mAh,89,数码,440,3.92
2026-06-03,机械键盘 RGB,349,数码,395,13.79
2026-06-03,护眼台灯 智能版,159,家居,379,6.03
2026-06-03,蓝牙音箱 Mini,129,数码,343,4.42
2026-06-03,手机支架 铝合金,39,配件,350,1.36
2026-06-03,Type-C 数据线套装,29,配件,267,0.77
2026-06-03,桌面收纳盒 多层,49,家居,249,1.22
2026-06-03,USB 扩展坞 7合1,199,数码,183,3.64
2026-06-03,不锈钢保温杯 500ml,79,家居,185,1.46
2026-06-03,电动牙刷 声波款,259,家居,135,3.5
2026-06-03,瑜伽垫 防滑加厚,69,运动,143,0.99
2026-06-03,智能体重秤,99,家居,118,1.17
2026-06-03,筋膜枪 迷你款,179,运动,114,2.04
2026-06-04,无线蓝牙耳机 Pro,299,数码,721,21.56
2026-06-04,智能运动手环 X3,199,数码,576,11.46
2026-06-04,便携充电宝 20000mAh,89,数码,602,5.36
2026-06-04,机械键盘 RGB,349,数码,431,15.04
2026-06-04,护眼台灯 智能版,159,家居,431,6.85
2026-06-04,蓝牙音箱 Mini,129,数码,344,4.44
2026-06-04,手机支架 铝合金,39,配件,334,1.3
2026-06-04,Type-C 数据线套装,29,配件,297,0.86
2026-06-04,桌面收纳盒 多层,49,家居,241,1.18
2026-06-04,USB 扩展坞 7合1,199,数码,160,3.18
2026-06-04,不锈钢保温杯 500ml,79,家居,197,1.56
2026-06-04,电动牙刷 声波款,259,家居,173,4.48
2026-06-04,瑜伽垫 防滑加厚,69,运动,164,1.13
2026-06-04,智能体重秤,99,家居,122,1.21
2026-06-04,筋膜枪 迷你款,179,运动,102,1.83
2026-06-05,无线蓝牙耳机 Pro,299,数码,658,19.67
2026-06-05,智能运动手环 X3,199,数码,548,10.91
2026-06-05,便携充电宝 20000mAh,89,数码,504,4.49
2026-06-05,机械键盘 RGB,349,数码,384,13.4
2026-06-05,护眼台灯 智能版,159,家居,365,5.8
2026-06-05,蓝牙音箱 Mini,129,数码,318,4.1
2026-06-05,手机支架 铝合金,39,配件,260,1.01
2026-06-05,Type-C 数据线套装,29,配件,203,0.59
2026-06-05,桌面收纳盒 多层,49,家居,219,1.07
2026-06-05,USB 扩展坞 7合1,199,数码,179,3.56
2026-06-05,不锈钢保温杯 500ml,79,家居,168,1.33
2026-06-05,电动牙刷 声波款,259,家居,123,3.19
2026-06-05,瑜伽垫 防滑加厚,69,运动,148,1.02
2026-06-05,智能体重秤,99,家居,103,1.02
2026-06-05,筋膜枪 迷你款,179,运动,110,1.97
2026-06-06,无线蓝牙耳机 Pro,299,数码,758,22.66
2026-06-06,智能运动手环 X3,199,数码,719,14.31
2026-06-06,便携充电宝 20000mAh,89,数码,649,5.78
2026-06-06,机械键盘 RGB,349,数码,624,21.78
2026-06-06,护眼台灯 智能版,159,家居,441,7.01
2026-06-06,蓝牙音箱 Mini,129,数码,528,6.81
2026-06-06,手机支架 铝合金,39,配件,411,1.6
2026-06-06,Type-C 数据线套装,29,配件,353,1.02
2026-06-06,桌面收纳盒 多层,49,家居,300,1.47
2026-06-06,USB 扩展坞 7合1,199,数码,245,4.88
2026-06-06,不锈钢保温杯 500ml,79,家居,275,2.17
2026-06-06,电动牙刷 声波款,259,家居,185,4.79
2026-06-06,瑜伽垫 防滑加厚,69,运动,208,1.44
2026-06-06,智能体重秤,99,家居,147,1.46
2026-06-06,筋膜枪 迷你款,179,运动,143,2.56
2026-06-07,无线蓝牙耳机 Pro,299,数码,980,29.3
2026-06-07,智能运动手环 X3,199,数码,829,16.5
2026-06-07,便携充电宝 20000mAh,89,数码,747,6.65
2026-06-07,机械键盘 RGB,349,数码,513,17.9
2026-06-07,护眼台灯 智能版,159,家居,601,9.56
2026-06-07,蓝牙音箱 Mini,129,数码,379,4.89
2026-06-07,手机支架 铝合金,39,配件,395,1.54
2026-06-07,Type-C 数据线套装,29,配件,355,1.03
2026-06-07,桌面收纳盒 多层,49,家居,331,1.62
2026-06-07,USB 扩展坞 7合1,199,数码,268,5.33
2026-06-07,不锈钢保温杯 500ml,79,家居,260,2.05
2026-06-07,电动牙刷 声波款,259,家居,210,5.44
2026-06-07,瑜伽垫 防滑加厚,69,运动,194,1.34
2026-06-07,智能体重秤,99,家居,139,1.38
2026-06-07,筋膜枪 迷你款,179,运动,167,2.99
2026-06-08,无线蓝牙耳机 Pro,299,数码,789,23.59
2026-06-08,智能运动手环 X3,199,数码,546,10.87
2026-06-08,便携充电宝 20000mAh,89,数码,533,4.74
2026-06-08,机械键盘 RGB,349,数码,418,14.59
2026-06-08,护眼台灯 智能版,159,家居,426,6.77
2026-06-08,蓝牙音箱 Mini,129,数码,378,4.88
2026-06-08,手机支架 铝合金,39,配件,316,1.23
2026-06-08,Type-C 数据线套装,29,配件,264,0.77
2026-06-08,桌面收纳盒 多层,49,家居,251,1.23
2026-06-08,USB 扩展坞 7合1,199,数码,204,4.06
2026-06-08,不锈钢保温杯 500ml,79,家居,183,1.45
2026-06-08,电动牙刷 声波款,259,家居,139,3.6
2026-06-08,瑜伽垫 防滑加厚,69,运动,152,1.05
2026-06-08,智能体重秤,99,家居,130,1.29
2026-06-08,筋膜枪 迷你款,179,运动,127,2.27
2026-06-09,无线蓝牙耳机 Pro,299,数码,561,16.77
2026-06-09,智能运动手环 X3,199,数码,569,11.32
2026-06-09,便携充电宝 20000mAh,89,数码,406,3.61
2026-06-09,机械键盘 RGB,349,数码,394,13.75
2026-06-09,护眼台灯 智能版,159,家居,327,5.2
2026-06-09,蓝牙音箱 Mini,129,数码,349,4.5
2026-06-09,手机支架 铝合金,39,配件,258,1.01
2026-06-09,Type-C 数据线套装,29,配件,263,0.76
2026-06-09,桌面收纳盒 多层,49,家居,209,1.02
2026-06-09,USB 扩展坞 7合1,199,数码,175,3.48
2026-06-09,不锈钢保温杯 500ml,79,家居,145,1.15
2026-06-09,电动牙刷 声波款,259,家居,113,2.93
2026-06-09,瑜伽垫 防滑加厚,69,运动,135,0.93
2026-06-09,智能体重秤,99,家居,105,1.04
2026-06-09,筋膜枪 迷你款,179,运动,93,1.66
2026-06-10,无线蓝牙耳机 Pro,299,数码,648,19.38
2026-06-10,智能运动手环 X3,199,数码,540,10.75
2026-06-10,便携充电宝 20000mAh,89,数码,443,3.94
2026-06-10,机械键盘 RGB,349,数码,403,14.06
2026-06-10,护眼台灯 智能版,159,家居,312,4.96
2026-06-10,蓝牙音箱 Mini,129,数码,301,3.88
2026-06-10,手机支架 铝合金,39,配件,312,1.22
2026-06-10,Type-C 数据线套装,29,配件,242,0.7
2026-06-10,桌面收纳盒 多层,49,家居,209,1.02
2026-06-10,USB 扩展坞 7合1,199,数码,204,4.06
2026-06-10,不锈钢保温杯 500ml,79,家居,153,1.21
2026-06-10,电动牙刷 声波款,259,家居,146,3.78
2026-06-10,瑜伽垫 防滑加厚,69,运动,156,1.08
2026-06-10,智能体重秤,99,家居,100,0.99
2026-06-10,筋膜枪 迷你款,179,运动,110,1.97
2026-06-11,无线蓝牙耳机 Pro,299,数码,591,17.67
2026-06-11,智能运动手环 X3,199,数码,537,10.69
2026-06-11,便携充电宝 20000mAh,89,数码,480,4.27
2026-06-11,机械键盘 RGB,349,数码,416,14.52
2026-06-11,护眼台灯 智能版,159,家居,391,6.22
2026-06-11,蓝牙音箱 Mini,129,数码,311,4.01
2026-06-11,手机支架 铝合金,39,配件,304,1.19
2026-06-11,Type-C 数据线套装,29,配件,236,0.68
2026-06-11,桌面收纳盒 多层,49,家居,223,1.09
2026-06-11,USB 扩展坞 7合1,199,数码,176,3.5
2026-06-11,不锈钢保温杯 500ml,79,家居,179,1.41
2026-06-11,电动牙刷 声波款,259,家居,143,3.7
2026-06-11,瑜伽垫 防滑加厚,69,运动,121,0.83
2026-06-11,智能体重秤,99,家居,94,0.93
2026-06-11,筋膜枪 迷你款,179,运动,105,1.88
2026-06-12,无线蓝牙耳机 Pro,299,数码,633,18.93
2026-06-12,智能运动手环 X3,199,数码,529,10.53
2026-06-12,便携充电宝 20000mAh,89,数码,440,3.92
2026-06-12,机械键盘 RGB,349,数码,330,11.52
2026-06-12,护眼台灯 智能版,159,家居,366,5.82
2026-06-12,蓝牙音箱 Mini,129,数码,345,4.45
2026-06-12,手机支架 铝合金,39,配件,267,1.04
2026-06-12,Type-C 数据线套装,29,配件,240,0.7
2026-06-12,桌面收纳盒 多层,49,家居,201,0.98
2026-06-12,USB 扩展坞 7合1,199,数码,172,3.42
2026-06-12,不锈钢保温杯 500ml,79,家居,163,1.29
2026-06-12,电动牙刷 声波款,259,家居,131,3.39
2026-06-12,瑜伽垫 防滑加厚,69,运动,141,0.97
2026-06-12,智能体重秤,99,家居,117,1.16
2026-06-12,筋膜枪 迷你款,179,运动,87,1.56
2026-06-13,无线蓝牙耳机 Pro,299,数码,745,22.28
2026-06-13,智能运动手环 X3,199,数码,773,15.38
2026-06-13,便携充电宝 20000mAh,89,数码,566,5.04
2026-06-13,机械键盘 RGB,349,数码,444,15.5
2026-06-13,护眼台灯 智能版,159,家居,480,7.63
2026-06-13,蓝牙音箱 Mini,129,数码,468,6.04
2026-06-13,手机支架 铝合金,39,配件,385,1.5
2026-06-13,Type-C 数据线套装,29,配件,325,0.94
2026-06-13,桌面收纳盒 多层,49,家居,283,1.39
2026-06-13,USB 扩展坞 7合1,199,数码,254,5.05
2026-06-13,不锈钢保温杯 500ml,79,家居,212,1.67
2026-06-13,电动牙刷 声波款,259,家居,181,4.69
2026-06-13,瑜伽垫 防滑加厚,69,运动,176,1.21
2026-06-13,智能体重秤,99,家居,124,1.23
2026-06-13,筋膜枪 迷你款,179,运动,133,2.38
2026-06-14,无线蓝牙耳机 Pro,299,数码,919,27.48
2026-06-14,智能运动手环 X3,199,数码,770,15.32
2026-06-14,便携充电宝 20000mAh,89,数码,642,5.71
2026-06-14,机械键盘 RGB,349,数码,560,19.54
2026-06-14,护眼台灯 智能版,159,家居,457,7.27
2026-06-14,蓝牙音箱 Mini,129,数码,428,5.52
2026-06-14,手机支架 铝合金,39,配件,396,1.54
2026-06-14,Type-C 数据线套装,29,配件,349,1.01
2026-06-14,桌面收纳盒 多层,49,家居,300,1.47
2026-06-14,USB 扩展坞 7合1,199,数码,241,4.8
2026-06-14,不锈钢保温杯 500ml,79,家居,236,1.86
2026-06-14,电动牙刷 声波款,259,家居,244,6.32
2026-06-14,瑜伽垫 防滑加厚,69,运动,209,1.44
2026-06-14,智能体重秤,99,家居,151,1.49
2026-06-14,筋膜枪 迷你款,179,运动,143,2.56
2026-06-15,无线蓝牙耳机 Pro,299,数码,642,19.2
2026-06-15,智能运动手环 X3,199,数码,553,11.0
2026-06-15,便携充电宝 20000mAh,89,数码,398,3.54
2026-06-15,机械键盘 RGB,349,数码,346,12.08
2026-06-15,护眼台灯 智能版,159,家居,342,5.44
2026-06-15,蓝牙音箱 Mini,129,数码,329,4.24
2026-06-15,手机支架 铝合金,39,配件,283,1.1
2026-06-15,Type-C 数据线套装,29,配件,282,0.82
2026-06-15,桌面收纳盒 多层,49,家居,190,0.93
2026-06-15,USB 扩展坞 7合1,199,数码,169,3.36
2026-06-15,不锈钢保温杯 500ml,79,家居,202,1.6
2026-06-15,电动牙刷 声波款,259,家居,145,3.76
2026-06-15,瑜伽垫 防滑加厚,69,运动,154,1.06
2026-06-15,智能体重秤,99,家居,125,1.24
2026-06-15,筋膜枪 迷你款,179,运动,102,1.83
2026-06-16,无线蓝牙耳机 Pro,299,数码,650,19.43
2026-06-16,智能运动手环 X3,199,数码,467,9.29
2026-06-16,便携充电宝 20000mAh,89,数码,468,4.17
2026-06-16,机械键盘 RGB,349,数码,435,15.18
2026-06-16,护眼台灯 智能版,159,家居,385,6.12
2026-06-16,蓝牙音箱 Mini,129,数码,348,4.49
2026-06-16,手机支架 铝合金,39,配件,286,1.12
2026-06-16,Type-C 数据线套装,29,配件,245,0.71
2026-06-16,桌面收纳盒 多层,49,家居,244,1.2
2026-06-16,USB 扩展坞 7合1,199,数码,177,3.52
2026-06-16,不锈钢保温杯 500ml,79,家居,189,1.49
2026-06-16,电动牙刷 声波款,259,家居,149,3.86
2026-06-16,瑜伽垫 防滑加厚,69,运动,165,1.14
2026-06-16,智能体重秤,99,家居,119,1.18
2026-06-16,筋膜枪 迷你款,179,运动,99,1.77
2026-06-17,无线蓝牙耳机 Pro,299,数码,644,19.26
2026-06-17,智能运动手环 X3,199,数码,510,10.15
2026-06-17,便携充电宝 20000mAh,89,数码,428,3.81
2026-06-17,机械键盘 RGB,349,数码,407,14.2
2026-06-17,护眼台灯 智能版,159,家居,347,5.52
2026-06-17,蓝牙音箱 Mini,129,数码,309,3.99
2026-06-17,手机支架 铝合金,39,配件,291,1.13
2026-06-17,Type-C 数据线套装,29,配件,232,0.67
2026-06-17,桌面收纳盒 多层,49,家居,231,1.13
2026-06-17,USB 扩展坞 7合1,199,数码,160,3.18
2026-06-17,不锈钢保温杯 500ml,79,家居,180,1.42
2026-06-17,电动牙刷 声波款,259,家居,152,3.94
2026-06-17,瑜伽垫 防滑加厚,69,运动,121,0.83
2026-06-17,智能体重秤,99,家居,99,0.98
2026-06-17,筋膜枪 迷你款,179,运动,112,2.0
2026-06-18,无线蓝牙耳机 Pro,299,数码,711,21.26
2026-06-18,智能运动手环 X3,199,数码,565,11.24
2026-06-18,便携充电宝 20000mAh,89,数码,560,4.98
2026-06-18,机械键盘 RGB,349,数码,482,16.82
2026-06-18,护眼台灯 智能版,159,家居,363,5.77
2026-06-18,蓝牙音箱 Mini,129,数码,325,4.19
2026-06-18,手机支架 铝合金,39,配件,326,1.27
2026-06-18,Type-C 数据线套装,29,配件,294,0.85
2026-06-18,桌面收纳盒 多层,49,家居,234,1.15
2026-06-18,USB 扩展坞 7合1,199,数码,211,4.2
2026-06-18,不锈钢保温杯 500ml,79,家居,188,1.49
2026-06-18,电动牙刷 声波款,259,家居,133,3.44
2026-06-18,瑜伽垫 防滑加厚,69,运动,154,1.06
2026-06-18,智能体重秤,99,家居,120,1.19
2026-06-18,筋膜枪 迷你款,179,运动,117,2.09
2026-06-19,无线蓝牙耳机 Pro,299,数码,527,15.76
2026-06-19,智能运动手环 X3,199,数码,493,9.81
2026-06-19,便携充电宝 20000mAh,89,数码,478,4.25
2026-06-19,机械键盘 RGB,349,数码,415,14.48
2026-06-19,护眼台灯 智能版,159,家居,375,5.96
2026-06-19,蓝牙音箱 Mini,129,数码,288,3.72
2026-06-19,手机支架 铝合金,39,配件,249,0.97
2026-06-19,Type-C 数据线套装,29,配件,249,0.72
2026-06-19,桌面收纳盒 多层,49,家居,216,1.06
2026-06-19,USB 扩展坞 7合1,199,数码,177,3.52
2026-06-19,不锈钢保温杯 500ml,79,家居,143,1.13
2026-06-19,电动牙刷 声波款,259,家居,127,3.29
2026-06-19,瑜伽垫 防滑加厚,69,运动,136,0.94
2026-06-19,智能体重秤,99,家居,106,1.05
2026-06-19,筋膜枪 迷你款,179,运动,109,1.95
2026-06-20,无线蓝牙耳机 Pro,299,数码,856,25.59
2026-06-20,智能运动手环 X3,199,数码,700,13.93
2026-06-20,便携充电宝 20000mAh,89,数码,635,5.65
2026-06-20,机械键盘 RGB,349,数码,522,18.22
2026-06-20,护眼台灯 智能版,159,家居,466,7.41
2026-06-20,蓝牙音箱 Mini,129,数码,408,5.26
2026-06-20,手机支架 铝合金,39,配件,373,1.45
2026-06-20,Type-C 数据线套装,29,配件,337,0.98
2026-06-20,桌面收纳盒 多层,49,家居,284,1.39
2026-06-20,USB 扩展坞 7合1,199,数码,238,4.74
2026-06-20,不锈钢保温杯 500ml,79,家居,256,2.02
2026-06-20,电动牙刷 声波款,259,家居,189,4.9
2026-06-20,瑜伽垫 防滑加厚,69,运动,175,1.21
2026-06-20,智能体重秤,99,家居,148,1.47
2026-06-20,筋膜枪 迷你款,179,运动,123,2.2
2026-06-21,无线蓝牙耳机 Pro,299,数码,797,23.83
2026-06-21,智能运动手环 X3,199,数码,674,13.41
2026-06-21,便携充电宝 20000mAh,89,数码,505,4.49
2026-06-21,机械键盘 RGB,349,数码,460,16.05
2026-06-21,护眼台灯 智能版,159,家居,410,6.52
2026-06-21,蓝牙音箱 Mini,129,数码,373,4.81
2026-06-21,手机支架 铝合金,39,配件,371,1.45
2026-06-21,Type-C 数据线套装,29,配件,319,0.93
2026-06-21,桌面收纳盒 多层,49,家居,258,1.26
2026-06-21,USB 扩展坞 7合1,199,数码,206,4.1
2026-06-21,不锈钢保温杯 500ml,79,家居,192,1.52
2026-06-21,电动牙刷 声波款,259,家居,192,4.97
2026-06-21,瑜伽垫 防滑加厚,69,运动,180,1.24
2026-06-21,智能体重秤,99,家居,122,1.21
2026-06-21,筋膜枪 迷你款,179,运动,136,2.43
2026-06-22,无线蓝牙耳机 Pro,299,数码,650,19.43
2026-06-22,智能运动手环 X3,199,数码,574,11.42
2026-06-22,便携充电宝 20000mAh,89,数码,452,4.02
2026-06-22,机械键盘 RGB,349,数码,395,13.79
2026-06-22,护眼台灯 智能版,159,家居,373,5.93
2026-06-22,蓝牙音箱 Mini,129,数码,319,4.12
2026-06-22,手机支架 铝合金,39,配件,311,1.21
2026-06-22,Type-C 数据线套装,29,配件,297,0.86
2026-06-22,桌面收纳盒 多层,49,家居,208,1.02
2026-06-22,USB 扩展坞 7合1,199,数码,160,3.18
2026-06-22,不锈钢保温杯 500ml,79,家居,155,1.22
2026-06-22,电动牙刷 声波款,259,家居,146,3.78
2026-06-22,瑜伽垫 防滑加厚,69,运动,140,0.97
2026-06-22,智能体重秤,99,家居,112,1.11
2026-06-22,筋膜枪 迷你款,179,运动,112,2.0
2026-06-23,无线蓝牙耳机 Pro,299,数码,511,15.28
2026-06-23,智能运动手环 X3,199,数码,510,10.15
2026-06-23,便携充电宝 20000mAh,89,数码,436,3.88
2026-06-23,机械键盘 RGB,349,数码,352,12.28
2026-06-23,护眼台灯 智能版,159,家居,288,4.58
2026-06-23,蓝牙音箱 Mini,129,数码,310,4.0
2026-06-23,手机支架 铝合金,39,配件,292,1.14
2026-06-23,Type-C 数据线套装,29,配件,237,0.69
2026-06-23,桌面收纳盒 多层,49,家居,185,0.91
2026-06-23,USB 扩展坞 7合1,199,数码,166,3.3
2026-06-23,不锈钢保温杯 500ml,79,家居,147,1.16
2026-06-23,电动牙刷 声波款,259,家居,144,3.73
2026-06-23,瑜伽垫 防滑加厚,69,运动,133,0.92
2026-06-23,智能体重秤,99,家居,85,0.84
2026-06-23,筋膜枪 迷你款,179,运动,97,1.74
2026-06-24,无线蓝牙耳机 Pro,299,数码,671,20.06
2026-06-24,智能运动手环 X3,199,数码,562,11.18
2026-06-24,便携充电宝 20000mAh,89,数码,449,4.0
2026-06-24,机械键盘 RGB,349,数码,440,15.36
2026-06-24,护眼台灯 智能版,159,家居,363,5.77
2026-06-24,蓝牙音箱 Mini,129,数码,285,3.68
2026-06-24,手机支架 铝合金,39,配件,297,1.16
2026-06-24,Type-C 数据线套装,29,配件,289,0.84
2026-06-24,桌面收纳盒 多层,49,家居,222,1.09
2026-06-24,USB 扩展坞 7合1,199,数码,218,4.34
2026-06-24,不锈钢保温杯 500ml,79,家居,198,1.56
2026-06-24,电动牙刷 声波款,259,家居,157,4.07
2026-06-24,瑜伽垫 防滑加厚,69,运动,151,1.04
2026-06-24,智能体重秤,99,家居,114,1.13
2026-06-24,筋膜枪 迷你款,179,运动,112,2.0
2026-06-25,无线蓝牙耳机 Pro,299,数码,683,20.42
2026-06-25,智能运动手环 X3,199,数码,505,10.05
2026-06-25,便携充电宝 20000mAh,89,数码,432,3.84
2026-06-25,机械键盘 RGB,349,数码,364,12.7
2026-06-25,护眼台灯 智能版,159,家居,424,6.74
2026-06-25,蓝牙音箱 Mini,129,数码,341,4.4
2026-06-25,手机支架 铝合金,39,配件,298,1.16
2026-06-25,Type-C 数据线套装,29,配件,233,0.68
2026-06-25,桌面收纳盒 多层,49,家居,229,1.12
2026-06-25,USB 扩展坞 7合1,199,数码,180,3.58
2026-06-25,不锈钢保温杯 500ml,79,家居,185,1.46
2026-06-25,电动牙刷 声波款,259,家居,134,3.47
2026-06-25,瑜伽垫 防滑加厚,69,运动,147,1.01
2026-06-25,智能体重秤,99,家居,105,1.04
2026-06-25,筋膜枪 迷你款,179,运动,102,1.83
2026-06-26,无线蓝牙耳机 Pro,299,数码,615,18.39
2026-06-26,智能运动手环 X3,199,数码,611,12.16
2026-06-26,便携充电宝 20000mAh,89,数码,534,4.75
2026-06-26,机械键盘 RGB,349,数码,398,13.89
2026-06-26,护眼台灯 智能版,159,家居,364,5.79
2026-06-26,蓝牙音箱 Mini,129,数码,344,4.44
2026-06-26,手机支架 铝合金,39,配件,319,1.24
2026-06-26,Type-C 数据线套装,29,配件,269,0.78
2026-06-26,桌面收纳盒 多层,49,家居,242,1.19
2026-06-26,USB 扩展坞 7合1,199,数码,222,4.42
2026-06-26,不锈钢保温杯 500ml,79,家居,187,1.48
2026-06-26,电动牙刷 声波款,259,家居,134,3.47
2026-06-26,瑜伽垫 防滑加厚,69,运动,166,1.15
2026-06-26,智能体重秤,99,家居,132,1.31
2026-06-26,筋膜枪 迷你款,179,运动,120,2.15
2026-06-27,无线蓝牙耳机 Pro,299,数码,769,22.99
2026-06-27,智能运动手环 X3,199,数码,589,11.72
2026-06-27,便携充电宝 20000mAh,89,数码,589,5.24
2026-06-27,机械键盘 RGB,349,数码,423,14.76
2026-06-27,护眼台灯 智能版,159,家居,421,6.69
2026-06-27,蓝牙音箱 Mini,129,数码,357,4.61
2026-06-27,手机支架 铝合金,39,配件,348,1.36
2026-06-27,Type-C 数据线套装,29,配件,293,0.85
2026-06-27,桌面收纳盒 多层,49,家居,262,1.28
2026-06-27,USB 扩展坞 7合1,199,数码,216,4.3
2026-06-27,不锈钢保温杯 500ml,79,家居,198,1.56
2026-06-27,电动牙刷 声波款,259,家居,181,4.69
2026-06-27,瑜伽垫 防滑加厚,69,运动,171,1.18
2026-06-27,智能体重秤,99,家居,119,1.18
2026-06-27,筋膜枪 迷你款,179,运动,152,2.72
2026-06-28,无线蓝牙耳机 Pro,299,数码,839,25.09
2026-06-28,智能运动手环 X3,199,数码,788,15.68
2026-06-28,便携充电宝 20000mAh,89,数码,704,6.27
2026-06-28,机械键盘 RGB,349,数码,513,17.9
2026-06-28,护眼台灯 智能版,159,家居,485,7.71
2026-06-28,蓝牙音箱 Mini,129,数码,391,5.04
2026-06-28,手机支架 铝合金,39,配件,373,1.45
2026-06-28,Type-C 数据线套装,29,配件,325,0.94
2026-06-28,桌面收纳盒 多层,49,家居,287,1.41
2026-06-28,USB 扩展坞 7合1,199,数码,242,4.82
2026-06-28,不锈钢保温杯 500ml,79,家居,246,1.94
2026-06-28,电动牙刷 声波款,259,家居,192,4.97
2026-06-28,瑜伽垫 防滑加厚,69,运动,170,1.17
2026-06-28,智能体重秤,99,家居,131,1.3
2026-06-28,筋膜枪 迷你款,179,运动,135,2.42
2026-06-29,无线蓝牙耳机 Pro,299,数码,711,21.26
2026-06-29,智能运动手环 X3,199,数码,496,9.87
2026-06-29,便携充电宝 20000mAh,89,数码,460,4.09
2026-06-29,机械键盘 RGB,349,数码,431,15.04
2026-06-29,护眼台灯 智能版,159,家居,356,5.66
2026-06-29,蓝牙音箱 Mini,129,数码,340,4.39
2026-06-29,手机支架 铝合金,39,配件,288,1.12
2026-06-29,Type-C 数据线套装,29,配件,260,0.75
2026-06-29,桌面收纳盒 多层,49,家居,214,1.05
2026-06-29,USB 扩展坞 7合1,199,数码,192,3.82
2026-06-29,不锈钢保温杯 500ml,79,家居,159,1.26
2026-06-29,电动牙刷 声波款,259,家居,141,3.65
2026-06-29,瑜伽垫 防滑加厚,69,运动,149,1.03
2026-06-29,智能体重秤,99,家居,114,1.13
2026-06-29,筋膜枪 迷你款,179,运动,122,2.18
2026-06-30,无线蓝牙耳机 Pro,299,数码,729,21.8
2026-06-30,智能运动手环 X3,199,数码,514,10.23
2026-06-30,便携充电宝 20000mAh,89,数码,520,4.63
2026-06-30,机械键盘 RGB,349,数码,424,14.8
2026-06-30,护眼台灯 智能版,159,家居,335,5.33
2026-06-30,蓝牙音箱 Mini,129,数码,333,4.3
2026-06-30,手机支架 铝合金,39,配件,288,1.12
2026-06-30,Type-C 数据线套装,29,配件,266,0.77
2026-06-30,桌面收纳盒 多层,49,家居,213,1.04
2026-06-30,USB 扩展坞 7合1,199,数码,176,3.5
2026-06-30,不锈钢保温杯 500ml,79,家居,200,1.58
2026-06-30,电动牙刷 声波款,259,家居,143,3.7
2026-06-30,瑜伽垫 防滑加厚,69,运动,154,1.06
2026-06-30,智能体重秤,99,家居,106,1.05
2026-06-30,筋膜枪 迷你款,179,运动,123,2.2
2026-07-01,无线蓝牙耳机 Pro,299,数码,607,18.15
2026-07-01,智能运动手环 X3,199,数码,597,11.88
2026-07-01,便携充电宝 20000mAh,89,数码,445,3.96
2026-07-01,机械键盘 RGB,349,数码,440,15.36
2026-07-01,护眼台灯 智能版,159,家居,380,6.04
2026-07-01,蓝牙音箱 Mini,129,数码,315,4.06
2026-07-01,手机支架 铝合金,39,配件,242,0.94
2026-07-01,Type-C 数据线套装,29,配件,248,0.72
2026-07-01,桌面收纳盒 多层,49,家居,214,1.05
2026-07-01,USB 扩展坞 7合1,199,数码,194,3.86
2026-07-01,不锈钢保温杯 500ml,79,家居,200,1.58
2026-07-01,电动牙刷 声波款,259,家居,134,3.47
2026-07-01,瑜伽垫 防滑加厚,69,运动,151,1.04
2026-07-01,智能体重秤,99,家居,113,1.12
2026-07-01,筋膜枪 迷你款,179,运动,115,2.06
2026-07-02,无线蓝牙耳机 Pro,299,数码,584,17.46
2026-07-02,智能运动手环 X3,199,数码,569,11.32
2026-07-02,便携充电宝 20000mAh,89,数码,453,4.03
2026-07-02,机械键盘 RGB,349,数码,415,14.48
2026-07-02,护眼台灯 智能版,159,家居,414,6.58
2026-07-02,蓝牙音箱 Mini,129,数码,354,4.57
2026-07-02,手机支架 铝合金,39,配件,335,1.31
2026-07-02,Type-C 数据线套装,29,配件,276,0.8
2026-07-02,桌面收纳盒 多层,49,家居,206,1.01
2026-07-02,USB 扩展坞 7合1,199,数码,153,3.04
2026-07-02,不锈钢保温杯 500ml,79,家居,194,1.53
2026-07-02,电动牙刷 声波款,259,家居,151,3.91
2026-07-02,瑜伽垫 防滑加厚,69,运动,141,0.97
2026-07-02,智能体重秤,99,家居,99,0.98
2026-07-02,筋膜枪 迷你款,179,运动,108,1.93
2026-07-03,无线蓝牙耳机 Pro,299,数码,695,20.78
2026-07-03,智能运动手环 X3,199,数码,558,11.1
2026-07-03,便携充电宝 20000mAh,89,数码,538,4.79
2026-07-03,机械键盘 RGB,349,数码,370,12.91
2026-07-03,护眼台灯 智能版,159,家居,392,6.23
2026-07-03,蓝牙音箱 Mini,129,数码,331,4.27
2026-07-03,手机支架 铝合金,39,配件,309,1.21
2026-07-03,Type-C 数据线套装,29,配件,247,0.72
2026-07-03,桌面收纳盒 多层,49,家居,239,1.17
2026-07-03,USB 扩展坞 7合1,199,数码,187,3.72
2026-07-03,不锈钢保温杯 500ml,79,家居,173,1.37
2026-07-03,电动牙刷 声波款,259,家居,146,3.78
2026-07-03,瑜伽垫 防滑加厚,69,运动,143,0.99
2026-07-03,智能体重秤,99,家居,114,1.13
2026-07-03,筋膜枪 迷你款,179,运动,99,1.77
2026-07-04,无线蓝牙耳机 Pro,299,数码,852,25.47
2026-07-04,智能运动手环 X3,199,数码,690,13.73
2026-07-04,便携充电宝 20000mAh,89,数码,661,5.88
2026-07-04,机械键盘 RGB,349,数码,536,18.71
2026-07-04,护眼台灯 智能版,159,家居,458,7.28
2026-07-04,蓝牙音箱 Mini,129,数码,420,5.42
2026-07-04,手机支架 铝合金,39,配件,375,1.46
2026-07-04,Type-C 数据线套装,29,配件,331,0.96
2026-07-04,桌面收纳盒 多层,49,家居,235,1.15
2026-07-04,USB 扩展坞 7合1,199,数码,224,4.46
2026-07-04,不锈钢保温杯 500ml,79,家居,202,1.6
2026-07-04,电动牙刷 声波款,259,家居,202,5.23
2026-07-04,瑜伽垫 防滑加厚,69,运动,182,1.26
2026-07-04,智能体重秤,99,家居,135,1.34
2026-07-04,筋膜枪 迷你款,179,运动,147,2.63
2026-07-05,无线蓝牙耳机 Pro,299,数码,771,23.05
2026-07-05,智能运动手环 X3,199,数码,702,13.97
2026-07-05,便携充电宝 20000mAh,89,数码,595,5.3
2026-07-05,机械键盘 RGB,349,数码,445,15.53
2026-07-05,护眼台灯 智能版,159,家居,444,7.06
2026-07-05,蓝牙音箱 Mini,129,数码,417,5.38
2026-07-05,手机支架 铝合金,39,配件,373,1.45
2026-07-05,Type-C 数据线套装,29,配件,290,0.84
2026-07-05,桌面收纳盒 多层,49,家居,308,1.51
2026-07-05,USB 扩展坞 7合1,199,数码,233,4.64
2026-07-05,不锈钢保温杯 500ml,79,家居,236,1.86
2026-07-05,电动牙刷 声波款,259,家居,194,5.02
2026-07-05,瑜伽垫 防滑加厚,69,运动,176,1.21
2026-07-05,智能体重秤,99,家居,146,1.45
2026-07-05,筋膜枪 迷你款,179,运动,137,2.45
2026-07-06,无线蓝牙耳机 Pro,299,数码,658,19.67
2026-07-06,智能运动手环 X3,199,数码,587,11.68
2026-07-06,便携充电宝 20000mAh,89,数码,480,4.27
2026-07-06,机械键盘 RGB,349,数码,413,14.41
2026-07-06,护眼台灯 智能版,159,家居,335,5.33
2026-07-06,蓝牙音箱 Mini,129,数码,274,3.53
2026-07-06,手机支架 铝合金,39,配件,313,1.22
2026-07-06,Type-C 数据线套装,29,配件,284,0.82
2026-07-06,桌面收纳盒 多层,49,家居,235,1.15
2026-07-06,USB 扩展坞 7合1,199,数码,170,3.38
2026-07-06,不锈钢保温杯 500ml,79,家居,158,1.25
2026-07-06,电动牙刷 声波款,259,家居,127,3.29
2026-07-06,瑜伽垫 防滑加厚,69,运动,121,0.83
2026-07-06,智能体重秤,99,家居,103,1.02
2026-07-06,筋膜枪 迷你款,179,运动,118,2.11
2026-07-07,无线蓝牙耳机 Pro,299,数码,679,20.3
2026-07-07,智能运动手环 X3,199,数码,613,12.2
2026-07-07,便携充电宝 20000mAh,89,数码,463,4.12
2026-07-07,机械键盘 RGB,349,数码,471,16.44
2026-07-07,护眼台灯 智能版,159,家居,427,6.79
2026-07-07,蓝牙音箱 Mini,129,数码,328,4.23
2026-07-07,手机支架 铝合金,39,配件,281,1.1
2026-07-07,Type-C 数据线套装,29,配件,272,0.79
2026-07-07,桌面收纳盒 多层,49,家居,214,1.05
2026-07-07,USB 扩展坞 7合1,199,数码,167,3.32
2026-07-07,不锈钢保温杯 500ml,79,家居,203,1.6
2026-07-07,电动牙刷 声波款,259,家居,161,4.17
2026-07-07,瑜伽垫 防滑加厚,69,运动,149,1.03
2026-07-07,智能体重秤,99,家居,99,0.98
2026-07-07,筋膜枪 迷你款,179,运动,99,1.77
2026-07-08,无线蓝牙耳机 Pro,299,数码,647,19.35
2026-07-08,智能运动手环 X3,199,数码,546,10.87
2026-07-08,便携充电宝 20000mAh,89,数码,526,4.68
2026-07-08,机械键盘 RGB,349,数码,436,15.22
2026-07-08,护眼台灯 智能版,159,家居,415,6.6
2026-07-08,蓝牙音箱 Mini,129,数码,310,4.0
2026-07-08,手机支架 铝合金,39,配件,291,1.13
2026-07-08,Type-C 数据线套装,29,配件,278,0.81
2026-07-08,桌面收纳盒 多层,49,家居,232,1.14
2026-07-08,USB 扩展坞 7合1,199,数码,210,4.18
2026-07-08,不锈钢保温杯 500ml,79,家居,193,1.52
2026-07-08,电动牙刷 声波款,259,家居,171,4.43
2026-07-08,瑜伽垫 防滑加厚,69,运动,156,1.08
2026-07-08,智能体重秤,99,家居,121,1.2
2026-07-08,筋膜枪 迷你款,179,运动,109,1.95
2026-07-09,无线蓝牙耳机 Pro,299,数码,718,21.47
2026-07-09,智能运动手环 X3,199,数码,630,12.54
2026-07-09,便携充电宝 20000mAh,89,数码,512,4.56
2026-07-09,机械键盘 RGB,349,数码,406,14.17
2026-07-09,护眼台灯 智能版,159,家居,413,6.57
2026-07-09,蓝牙音箱 Mini,129,数码,276,3.56
2026-07-09,手机支架 铝合金,39,配件,263,1.03
2026-07-09,Type-C 数据线套装,29,配件,274,0.79
2026-07-09,桌面收纳盒 多层,49,家居,223,1.09
2026-07-09,USB 扩展坞 7合1,199,数码,195,3.88
2026-07-09,不锈钢保温杯 500ml,79,家居,187,1.48
2026-07-09,电动牙刷 声波款,259,家居,155,4.01
2026-07-09,瑜伽垫 防滑加厚,69,运动,139,0.96
2026-07-09,智能体重秤,99,家居,116,1.15
2026-07-09,筋膜枪 迷你款,179,运动,120,2.15
2026-07-10,无线蓝牙耳机 Pro,299,数码,840,25.12
2026-07-10,智能运动手环 X3,199,数码,615,12.24
2026-07-10,便携充电宝 20000mAh,89,数码,534,4.75
2026-07-10,机械键盘 RGB,349,数码,388,13.54
2026-07-10,护眼台灯 智能版,159,家居,385,6.12
2026-07-10,蓝牙音箱 Mini,129,数码,356,4.59
2026-07-10,手机支架 铝合金,39,配件,348,1.36
2026-07-10,Type-C 数据线套装,29,配件,267,0.77
2026-07-10,桌面收纳盒 多层,49,家居,256,1.25
2026-07-10,USB 扩展坞 7合1,199,数码,201,4.0
2026-07-10,不锈钢保温杯 500ml,79,家居,198,1.56
2026-07-10,电动牙刷 声波款,259,家居,164,4.25
2026-07-10,瑜伽垫 防滑加厚,69,运动,155,1.07
2026-07-10,智能体重秤,99,家居,116,1.15
2026-07-10,筋膜枪 迷你款,179,运动,104,1.86
2026-07-11,无线蓝牙耳机 Pro,299,数码,784,23.44
2026-07-11,智能运动手环 X3,199,数码,652,12.97
2026-07-11,便携充电宝 20000mAh,89,数码,609,5.42
2026-07-11,机械键盘 RGB,349,数码,525,18.32
2026-07-11,护眼台灯 智能版,159,家居,461,7.33
2026-07-11,蓝牙音箱 Mini,129,数码,440,5.68
2026-07-11,手机支架 铝合金,39,配件,379,1.48
2026-07-11,Type-C 数据线套装,29,配件,309,0.9
2026-07-11,桌面收纳盒 多层,49,家居,261,1.28
2026-07-11,USB 扩展坞 7合1,199,数码,232,4.62
2026-07-11,不锈钢保温杯 500ml,79,家居,237,1.87
2026-07-11,电动牙刷 声波款,259,家居,201,5.21
2026-07-11,瑜伽垫 防滑加厚,69,运动,198,1.37
2026-07-11,智能体重秤,99,家居,130,1.29
2026-07-11,筋膜枪 迷你款,179,运动,134,2.4
2026-07-12,无线蓝牙耳机 Pro,299,数码,932,27.87
2026-07-12,智能运动手环 X3,199,数码,769,15.3
2026-07-12,便携充电宝 20000mAh,89,数码,617,5.49
2026-07-12,机械键盘 RGB,349,数码,472,16.47
2026-07-12,护眼台灯 智能版,159,家居,439,6.98
2026-07-12,蓝牙音箱 Mini,129,数码,438,5.65
2026-07-12,手机支架 铝合金,39,配件,392,1.53
2026-07-12,Type-C 数据线套装,29,配件,304,0.88
2026-07-12,桌面收纳盒 多层,49,家居,287,1.41
2026-07-12,USB 扩展坞 7合1,199,数码,250,4.97
2026-07-12,不锈钢保温杯 500ml,79,家居,216,1.71
2026-07-12,电动牙刷 声波款,259,家居,207,5.36
2026-07-12,瑜伽垫 防滑加厚,69,运动,185,1.28
2026-07-12,智能体重秤,99,家居,157,1.55
2026-07-12,筋膜枪 迷你款,179,运动,137,2.45
2026-07-13,无线蓝牙耳机 Pro,299,数码,600,17.94
2026-07-13,智能运动手环 X3,199,数码,515,10.25
2026-07-13,便携充电宝 20000mAh,89,数码,436,3.88
2026-07-13,机械键盘 RGB,349,数码,374,13.05
2026-07-13,护眼台灯 智能版,159,家居,355,5.64
2026-07-13,蓝牙音箱 Mini,129,数码,307,3.96
2026-07-13,手机支架 铝合金,39,配件,275,1.07
2026-07-13,Type-C 数据线套装,29,配件,209,0.61
2026-07-13,桌面收纳盒 多层,49,家居,214,1.05
2026-07-13,USB 扩展坞 7合1,199,数码,171,3.4
2026-07-13,不锈钢保温杯 500ml,79,家居,195,1.54
2026-07-13,电动牙刷 声波款,259,家居,128,3.32
2026-07-13,瑜伽垫 防滑加厚,69,运动,118,0.81
2026-07-13,智能体重秤,99,家居,109,1.08
2026-07-13,筋膜枪 迷你款,179,运动,106,1.9
2026-07-14,无线蓝牙耳机 Pro,299,数码,547,16.36
2026-07-14,智能运动手环 X3,199,数码,584,11.62
2026-07-14,便携充电宝 20000mAh,89,数码,501,4.46
2026-07-14,机械键盘 RGB,349,数码,305,10.64
2026-07-14,护眼台灯 智能版,159,家居,334,5.31
2026-07-14,蓝牙音箱 Mini,129,数码,353,4.55
2026-07-14,手机支架 铝合金,39,配件,266,1.04
2026-07-14,Type-C 数据线套装,29,配件,233,0.68
2026-07-14,桌面收纳盒 多层,49,家居,203,0.99
2026-07-14,USB 扩展坞 7合1,199,数码,157,3.12
2026-07-14,不锈钢保温杯 500ml,79,家居,149,1.18
2026-07-14,电动牙刷 声波款,259,家居,150,3.88
2026-07-14,瑜伽垫 防滑加厚,69,运动,118,0.81
2026-07-14,智能体重秤,99,家居,106,1.05
2026-07-14,筋膜枪 迷你款,179,运动,111,1.99
2026-07-15,无线蓝牙耳机 Pro,299,数码,559,16.71
2026-07-15,智能运动手环 X3,199,数码,552,10.98
2026-07-15,便携充电宝 20000mAh,89,数码,455,4.05
2026-07-15,机械键盘 RGB,349,数码,351,12.25
2026-07-15,护眼台灯 智能版,159,家居,368,5.85
2026-07-15,蓝牙音箱 Mini,129,数码,331,4.27
2026-07-15,手机支架 铝合金,39,配件,274,1.07
2026-07-15,Type-C 数据线套装,29,配件,218,0.63
2026-07-15,桌面收纳盒 多层,49,家居,194,0.95
2026-07-15,USB 扩展坞 7合1,199,数码,171,3.4
2026-07-15,不锈钢保温杯 500ml,79,家居,165,1.3
2026-07-15,电动牙刷 声波款,259,家居,144,3.73
2026-07-15,瑜伽垫 防滑加厚,69,运动,117,0.81
2026-07-15,智能体重秤,99,家居,88,0.87
2026-07-15,筋膜枪 迷你款,179,运动,102,1.83
